Gamecode,CODETEAM,J1,TIME,DELTA_SCORE,OFF,DEF
1,BER,P006919,25.3,-10,42,52
1,BER,P007025,21.15,-7,34,41
1,BER,P008062,15.25,-8,33,41
1,BER,P008173,16.3,-6,35,41
1,BER,P008780,27.3,1,52,51
1,BER,P010791,22.417,-6,40,46
1,BER,P011631,10.817,0,17,17
1,BER,P011934,19.05,-12,36,48
1,BER,P012604,24.283,-8,50,58
1,BER,P012721,18.133,6,46,40
1,PAN,P001926,16.001,5,40,35
1,PAN,P002328,17.251,11,36,25
1,PAN,P003842,27.134,8,57,49
1,PAN,P004088,14.65,-2,27,29
1,PAN,P005353,14.267,3,33,30
1,PAN,P007866,14.934,8,30,22
1,PAN,P009622,20.184,15,45,30
1,PAN,P011204,21.267,-4,49,53
1,PAN,P011209,0.833,-5,0,5
1,PAN,P012712,21.267,-4,49,53
1,PAN,P012774,32.217,15,69,54
2,MCO,P002581,20.6,4,49,45
2,MCO,P005763,14.333,4,30,26
2,MCO,P005844,19.401,9,44,35
2,MCO,P005985,18.567,9,42,33
2,MCO,P008099,21.434,4,51,47
2,MCO,P011212,25.668,9,63,54
2,MCO,P011226,29.45,8,67,59
2,MCO,P011231,20.618,11,53,42
2,MCO,P013365,6.417,0,15,15
2,MCO,PLCZ,23.517,7,51,44
2,MIL,P000796,27.317,-15,53,68
2,MIL,P001392,15.417,-6,21,27
2,MIL,P001518,9.767,-6,20,26
2,MIL,P006085,24.067,-10,54,64
2,MIL,P006509,4.35,5,14,9
2,MIL,P007831,28.317,-18,53,71
2,MIL,P008985,22.816,-5,44,49
2,MIL,P008987,17.866,-2,37,39
2,MIL,P011199,22.4,-15,41,56
2,MIL,P013384,15.266,1,34,33
2,MIL,P013386,12.417,6,29,23
3,BAR,P000925,20.801,-7,24,31
3,BAR,P002939,28.0,-5,50,55
3,BAR,P003196,11.566,-4,23,27
3,BAR,P003478,23.0,-3,41,44
3,BAR,P006435,23.483,11,44,33
3,BAR,P009862,24.866,-14,42,56
3,BAR,P010106,7.466,-1,6,7
3,BAR,P012745,23.966,6,45,39
3,BAR,P012795,14.265,-10,22,32
3,BAR,P013379,22.582,-8,38,46
3,ZAL,P002329,15.183,7,21,14
3,ZAL,P002676,24.817,0,53,53
3,ZAL,P003048,16.367,10,36,26
3,ZAL,P003210,0.467,0,0,0
3,ZAL,P005504,19.216,-7,34,41
3,ZAL,P007029,12.382,-2,20,22
3,ZAL,P007513,26.484,5,57,52
3,ZAL,P007975,17.733,11,41,30
3,ZAL,P011051,4.417,4,4,0
3,ZAL,P011925,15.666,-4,22,26
3,ZAL,P011983,25.651,8,48,40
3,ZAL,P012622,21.617,3,34,31
4,BAS,P004058,1.05,1,4,3
4,BAS,P007230,27.134,-4,61,65
4,BAS,P008072,17.199,2,39,37
4,BAS,P011085,6.916,-3,11,14
4,BAS,P011196,22.333,4,49,45
4,BAS,P011948,20.116,9,46,37
4,BAS,P012080,30.883,8,70,62
4,BAS,P012201,35.415,8,76,68
4,BAS,P012597,16.766,-2,28,30
4,BAS,P013367,22.183,7,56,49
4,PAR,P004761,28.934,6,68,62
4,PAR,P006591,17.868,-7,35,42
4,PAR,P006760,23.634,-3,53,56
4,PAR,P007870,30.634,-5,61,66
4,PAR,P010781,22.916,1,47,46
4,PAR,P011981,31.218,-9,59,68
4,PAR,P012720,24.816,-8,44,52
4,PAR,P013369,19.985,-5,43,48
5,MAD,P003583,16.434,-7,40,47
5,MAD,P003733,17.101,9,42,33
5,MAD,P005791,21.084,2,47,45
5,MAD,P005928,27.368,6,62,56
5,MAD,P006540,24.267,1,54,53
5,MAD,P007630,4.634,-4,9,13
5,MAD,P009005,27.535,-12,60,72
5,MAD,P009213,14.117,-1,29,30
5,MAD,P011247,11.634,-11,23,34
5,MAD,P011649,7.467,2,22,20
5,MAD,P013378,14.45,-9,34,43
5,MAD,PTGB,13.919,-16,23,39
5,MUN,P001288,23.116,-9,49,58
5,MUN,P001557,18.599,15,53,38
5,MUN,P004508,13.083,-2,27,29
5,MUN,P007056,24.95,13,57,44
5,MUN,P007201,33.866,-6,72,78
5,MUN,P007639,4.25,6,17,11
5,MUN,P010391,17.149,-6,38,44
5,MUN,P011224,23.183,21,66,45
5,MUN,P011244,14.883,-2,36,38
5,MUN,P011987,26.916,10,70,60
6,ASV,P000229,21.951,-8,43,51
6,ASV,P002100,13.367,3,30,27
6,ASV,P003526,14.0,0,28,28
6,ASV,P004194,25.784,-15,48,63
6,ASV,P007027,26.634,-10,52,62
6,ASV,P008991,17.767,3,38,35
6,ASV,P010545,16.717,-4,40,44
6,ASV,P011225,24.851,-13,47,60
6,ASV,P012731,19.734,2,38,36
6,ASV,P013371,15.767,6,35,29
6,ASV,PKIR,3.433,1,11,10
6,TEL,P004233,4.367,-8,7,15
6,TEL,P006835,21.384,-1,43,44
6,TEL,P007519,15.101,-11,24,35
6,TEL,P007855,2.284,-2,5,7
6,TEL,P007990,18.317,0,32,32
6,TEL,P009754,26.516,19,71,52
6,TEL,P011193,28.849,18,73,55
6,TEL,P011214,29.066,2,64,62
6,TEL,P011219,22.483,5,54,49
6,TEL,P013381,3.367,1,5,4
6,TEL,P013382,28.266,12,67,55
7,OLY,P001255,14.551,-1,25,26
7,OLY,P003469,30.518,-4,58,62
7,OLY,P007853,20.0,-2,38,40
7,OLY,P007947,3.867,2,10,8
7,OLY,P007982,20.968,-10,33,43
7,OLY,P008829,9.484,-7,13,20
7,OLY,P008855,21.751,-7,38,45
7,OLY,P009849,16.451,-8,29,37
7,OLY,P011194,18.018,-9,30,39
7,OLY,P012878,21.984,-2,41,43
7,OLY,P013380,22.418,-7,40,47
7,ULK,P002849,19.933,6,43,37
7,ULK,P002968,9.633,-5,20,25
7,ULK,P004004,20.6,-1,40,41
7,ULK,P006661,2.084,-3,2,5
7,ULK,P007182,7.885,1,12,11
7,ULK,P008104,2.584,3,5,2
7,ULK,P008962,27.351,16,58,42
7,ULK,P009783,28.268,8,55,47
7,ULK,P009863,31.55,14,72,58
7,ULK,P010560,11.733,3,27,24
7,ULK,P011205,22.851,7,43,36
7,ULK,PLMG,15.533,6,33,27
8,PRS,P004197,13.284,0,23,23
8,PRS,P004512,11.434,-5,27,32
8,PRS,P007032,18.401,-4,36,40
8,PRS,P010390,28.567,2,50,48
8,PRS,P012608,27.85,4,50,46
8,PRS,P012609,11.434,-5,27,32
8,PRS,P012610,28.567,2,50,48
8,PRS,P012613,25.851,7,53,46
8,PRS,P012640,20.467,-6,45,51
8,PRS,P013373,14.15,-10,24,34
8,RED,P000848,22.7,5,52,47
8,RED,P002553,21.148,1,43,42
8,RED,P004007,3.833,-9,5,14
8,RED,P004866,27.633,7,51,44
8,RED,P006240,2.517,-5,6,11
8,RED,P006436,23.516,-1,52,53
8,RED,P007960,2.5,-4,2,6
8,RED,P009035,16.334,7,31,24
8,RED,P009048,27.049,6,63,57
8,RED,P010612,29.282,14,63,49
8,RED,P012044,14.25,-6,20,26
8,RED,P012786,9.233,0,12,12
9,IST,P004887,13.8,1,25,24
9,IST,P006590,18.117,11,40,29
9,IST,P007109,20.834,8,40,32
9,IST,P007200,23.317,-10,34,44
9,IST,P009513,4.0,-6,2,8
9,IST,P009664,12.0,8,26,18
9,IST,P009846,23.116,3,43,40
9,IST,P011078,24.416,22,58,36
9,IST,P012710,16.149,3,30,27
9,IST,P012788,26.2,8,51,43
9,IST,P013363,12.151,-3,18,21
9,IST,P013364,5.9,0,13,13
9,VIR,P001133,29.549,8,58,50
9,VIR,P001844,19.583,-7,36,43
9,VIR,P002084,16.866,-15,22,37
9,VIR,P004554,21.0,0,35,35
9,VIR,P004888,18.116,-11,24,35
9,VIR,P006739,15.098,-9,21,30
9,VIR,P009549,31.366,-5,58,63
9,VIR,P011816,0.783,-2,2,4
9,VIR,P012585,13.666,8,25,17
9,VIR,P012591,6.283,0,10,10
9,VIR,P013374,11.798,-9,17,26
9,VIR,PBCN,15.882,-3,27,30
10,MCO,P002581,22.283,7,53,46
10,MCO,P005844,17.716,-1,32,33
10,MCO,P005985,31.299,9,69,60
10,MCO,P008099,26.949,0,57,57
10,MCO,P011212,26.983,3,55,52
10,MCO,P011226,29.283,8,62,54
10,MCO,P011231,20.732,3,43,40
10,MCO,P012515,0.15,0,0,0
10,MCO,P013365,2.85,-5,2,7
10,MCO,PLCZ,21.75,6,52,46
10,TEL,P005145,5.867,-2,14,16
10,TEL,P006835,28.249,-9,54,63
10,TEL,P007519,12.967,1,25,24
10,TEL,P007855,2.884,-2,4,6
10,TEL,P007990,17.716,-3,32,35
10,TEL,P009754,28.616,-6,57,63
10,TEL,P011193,26.999,-6,54,60
10,TEL,P011214,24.682,-3,50,53
10,TEL,P011219,19.933,3,41,38
10,TEL,P013381,3.483,-5,6,11
10,TEL,P013382,28.599,2,58,56
11,BAS,P007230,28.584,-12,41,53
11,BAS,P008072,12.05,-11,16,27
11,BAS,P011085,14.217,-2,25,27
11,BAS,P011196,28.501,3,55,52
11,BAS,P011948,20.683,7,47,40
11,BAS,P012080,21.418,-15,29,44
11,BAS,P012201,33.634,-1,65,66
11,BAS,P012597,18.084,-1,38,39
11,BAS,P013367,22.834,-3,39,42
11,RED,P000848,11.333,4,20,16
11,RED,P002553,12.715,-1,25,26
11,RED,P004007,17.865,1,38,37
11,RED,P004866,27.066,2,51,49
11,RED,P006436,14.783,-3,31,34
11,RED,P007960,8.317,5,16,11
11,RED,P009035,27.167,8,53,45
11,RED,P009048,28.0,2,57,55
11,RED,P010612,24.366,5,49,44
11,RED,P012044,11.966,7,21,14
11,RED,P012786,16.267,7,29,22
11,RED,PLUO,0.15,-2,0,2
12,IST,P004887,11.884,-16,14,30
12,IST,P006590,21.849,4,48,44
12,IST,P006640,1.217,-6,0,6
12,IST,P007109,11.083,-7,13,20
12,IST,P007200,24.45,-11,49,60
12,IST,P009664,18.083,2,31,29
12,IST,P009846,21.567,1,42,41
12,IST,P011078,23.65,11,55,44
12,IST,P012710,11.833,-4,27,31
12,IST,P012788,22.25,3,49,46
12,IST,P013363,13.8,-5,28,33
12,IST,P013364,18.334,3,34,31
12,ULK,P002849,20.749,15,43,28
12,ULK,P002968,6.233,0,13,13
12,ULK,P004004,20.5,-1,43,44
12,ULK,P006961,12.849,9,27,18
12,ULK,P007182,26.715,7,63,56
12,ULK,P008104,13.95,14,34,20
12,ULK,P008962,25.582,-13,44,57
12,ULK,P009783,22.598,-10,44,54
12,ULK,P009863,30.632,-11,56,67
12,ULK,P011205,20.182,15,48,33
13,ASV,P000229,12.6,-4,21,25
13,ASV,P002100,25.249,-11,52,63
13,ASV,P003526,21.933,11,57,46
13,ASV,P004194,15.466,-4,31,35
13,ASV,P007027,30.649,11,71,60
13,ASV,P008991,10.233,-3,16,19
13,ASV,P010545,26.133,6,60,54
13,ASV,P012731,10.95,-2,27,29
13,ASV,P013371,24.1,4,51,47
13,ASV,P013372,16.166,6,39,33
13,ASV,PKIR,6.516,-4,10,14
13,VIR,P001133,29.151,-3,58,61
13,VIR,P001844,5.617,-4,15,19
13,VIR,P002084,15.7,2,36,34
13,VIR,P004554,16.967,-14,33,47
13,VIR,P004888,21.767,-7,46,53
13,VIR,P006739,25.201,-4,55,59
13,VIR,P009549,31.017,2,66,64
13,VIR,P012585,18.167,2,34,32
13,VIR,P013374,17.351,11,43,32
13,VIR,PBCN,19.067,5,39,34
14,MUN,P001288,20.501,-11,36,47
14,MUN,P004508,20.767,-8,41,49
14,MUN,P007056,25.934,-12,49,61
14,MUN,P007201,29.384,-16,52,68
14,MUN,P007639,14.067,-3,30,33
14,MUN,P010391,18.617,-6,35,41
14,MUN,P011052,17.583,0,43,43
14,MUN,P011224,18.351,-7,33,40
14,MUN,P011244,10.617,1,27,26
14,MUN,P011987,21.917,-11,42,53
14,MUN,P012123,2.267,-2,7,9
14,PAN,P001926,13.417,-6,27,33
14,PAN,P002328,10.45,-3,19,22
14,PAN,P003842,27.465,22,71,49
14,PAN,P004088,13.816,8,36,28
14,PAN,P005161,13.366,1,31,30
14,PAN,P005353,12.466,-7,23,30
14,PAN,P007866,11.899,9,29,20
14,PAN,P009622,18.799,15,45,30
14,PAN,P011204,19.448,18,53,35
14,PAN,P011209,5.716,6,18,12
14,PAN,P012712,23.766,8,52,44
14,PAN,P012774,29.382,4,66,62
15,MAD,P003108,17.085,-1,33,34
15,MAD,P003583,21.285,4,52,48
15,MAD,P003733,10.701,5,28,23
15,MAD,P005791,13.418,-3,26,29
15,MAD,P005928,27.753,10,68,58
15,MAD,P006540,19.917,5,41,36
15,MAD,P009005,23.818,7,62,55
15,MAD,P009213,25.085,-2,51,53
15,MAD,P011247,6.5,-7,10,17
15,MAD,P013378,20.835,19,63,44
15,MAD,PTGB,13.618,-2,31,33
15,PAR,P004761,21.316,-5,50,55
15,PAR,P006591,20.951,-2,50,52
15,PAR,P006760,34.217,-8,70,78
15,PAR,P007632,10.883,0,17,17
15,PAR,P007870,25.084,0,58,58
15,PAR,P008232,3.566,-4,9,13
15,PAR,P010781,12.916,2,26,24
15,PAR,P011981,22.4,-6,44,50
15,PAR,P012720,24.267,-3,58,61
15,PAR,P013369,24.4,-9,48,57
16,MIL,P000796,28.231,3,61,58
16,MIL,P001392,19.166,3,36,33
16,MIL,P001518,18.85,18,43,25
16,MIL,P006085,26.282,6,59,53
16,MIL,P006509,14.7,-5,26,31
16,MIL,P006701,3.683,-3,3,6
16,MIL,P007831,30.298,6,64,58
16,MIL,P008987,28.598,7,58,51
16,MIL,P013384,12.515,-8,14,22
16,MIL,P013385,9.984,2,18,16
16,MIL,P013386,7.683,-4,13,17
16,PRS,P004197,14.167,1,27,26
16,PRS,P004512,10.65,5,22,17
16,PRS,P005793,14.6,4,31,27
16,PRS,P007032,15.7,0,26,26
16,PRS,P010390,25.399,-9,43,52
16,PRS,P012608,27.082,-9,49,58
16,PRS,P012609,21.566,-1,46,47
16,PRS,P012610,26.249,-13,45,58
16,PRS,P012613,27.082,-9,49,58
16,PRS,P012640,15.233,7,29,22
16,PRS,P013373,2.267,-1,3,4
17,BAR,P000925,18.518,4,33,29
17,BAR,P002939,18.868,4,42,38
17,BAR,P003196,15.484,13,42,29
17,BAR,P003478,19.667,15,46,31
17,BAR,P006435,17.467,4,35,31
17,BAR,P006568,4.367,1,10,9
17,BAR,P009862,21.684,6,42,36
17,BAR,P009992,15.251,12,42,30
17,BAR,P010106,8.801,6,21,15
17,BAR,P012745,23.235,2,43,41
17,BAR,P012795,18.268,-2,36,38
17,BAR,P013379,18.4,10,48,38
17,BER,P006251,5.434,-6,11,17
17,BER,P006919,23.8,-8,43,51
17,BER,P007025,2.467,-2,3,5
17,BER,P008062,13.467,-9,29,38
17,BER,P008173,25.917,-6,42,48
17,BER,P008384,10.717,-12,19,31
17,BER,P008780,27.434,-1,53,54
17,BER,P010791,24.717,3,52,49
17,BER,P011631,10.383,-2,19,21
17,BER,P011934,19.617,-18,26,44
17,BER,P012604,19.851,-7,38,45
17,BER,P012721,16.201,-7,30,37
18,OLY,P001255,19.333,-5,37,42
18,OLY,P003469,24.632,-3,43,46
18,OLY,P007853,1.8,-1,0,1
18,OLY,P007947,23.55,16,46,30
18,OLY,P007982,14.566,11,28,17
18,OLY,P008811,6.467,-3,11,14
18,OLY,P008829,15.6,11,33,22
18,OLY,P008855,19.616,-4,35,39
18,OLY,P009849,16.383,-8,26,34
18,OLY,P011194,11.615,-6,20,26
18,OLY,P012878,21.684,13,41,28
18,OLY,P013380,24.749,9,50,41
18,ZAL,P002329,20.782,-17,21,38
18,ZAL,P002676,18.984,13,47,34
18,ZAL,P003048,21.266,-4,33,37
18,ZAL,P003210,10.132,3,19,16
18,ZAL,P005504,9.55,-4,15,19
18,ZAL,P007029,25.216,-5,53,58
18,ZAL,P007513,28.55,0,49,49
18,ZAL,P007975,23.166,-5,46,51
18,ZAL,P011051,11.333,3,25,22
18,ZAL,P011925,6.684,-5,3,8
18,ZAL,P011983,17.549,-1,22,23
18,ZAL,P012622,6.783,-8,7,15
19,ASV,P000229,27.283,1,57,56
19,ASV,P002100,15.983,-24,21,45
19,ASV,P003526,26.734,6,59,53
19,ASV,P007027,27.317,13,62,49
19,ASV,P008991,8.433,-14,13,27
19,ASV,P010545,31.284,10,66,56
19,ASV,P011225,28.367,18,66,48
19,ASV,P013371,9.166,-18,11,29
19,ASV,P013372,9.534,0,18,18
19,ASV,PKIR,15.899,-17,22,39
19,BER,P006251,13.833,16,39,23
19,BER,P006919,26.616,-16,45,61
19,BER,P007025,15.816,24,45,21
19,BER,P008173,23.082,7,50,43
19,BER,P008384,14.517,-14,20,34
19,BER,P008780,25.633,-6,53,59
19,BER,P010791,14.75,-14,20,34
19,BER,P011934,22.233,-14,34,48
19,BER,P012604,21.099,28,59,31
19,BER,P012721,22.416,14,55,41
20,RED,P000848,19.767,10,41,31
20,RED,P002553,8.817,2,16,14
20,RED,P004007,1.933,-1,3,4
20,RED,P004866,32.166,15,59,44
20,RED,P006436,10.734,-2,13,15
20,RED,P007960,5.901,7,16,9
20,RED,P009035,31.183,17,60,43
20,RED,P009048,26.533,18,53,35
20,RED,P010612,19.716,8,34,26
20,RED,P012044,5.85,-2,10,12
20,RED,P012786,30.3,21,63,42
20,RED,PJDR,7.1,2,12,10
20,ULK,P002849,16.616,0,29,29
20,ULK,P002968,14.999,-11,22,33
20,ULK,P002969,8.1,-11,12,23
20,ULK,P007182,10.966,-1,13,14
20,ULK,P008104,15.966,-12,18,30
20,ULK,P008962,31.317,-12,45,57
20,ULK,P009783,23.866,-17,34,51
20,ULK,P009863,29.332,-14,45,59
20,ULK,P010560,17.333,-4,23,27
20,ULK,P011205,26.233,-1,39,40
20,ULK,PLMG,5.267,-12,5,17
21,MIL,P000796,24.967,-4,42,46
21,MIL,P001392,16.251,-5,34,39
21,MIL,P001518,18.15,-12,35,47
21,MIL,P005670,1.75,0,4,4
21,MIL,P006085,27.567,-11,46,57
21,MIL,P006509,5.883,-9,5,14
21,MIL,P007831,27.984,-9,47,56
21,MIL,P008985,19.218,-14,31,45
21,MIL,P008987,26.451,-14,49,63
21,MIL,P013384,4.433,-4,4,8
21,MIL,P013385,20.951,-26,27,53
21,MIL,P013386,6.4,3,16,13
21,OLY,P001255,25.416,14,64,50
21,OLY,P003469,23.649,12,54,42
21,OLY,P007853,22.548,13,49,36
21,OLY,P007947,17.715,13,40,27
21,OLY,P008811,12.433,11,30,19
21,OLY,P008829,16.349,9,35,26
21,OLY,P008855,22.283,8,49,41
21,OLY,P009849,8.499,9,14,5
21,OLY,P010392,1.75,0,4,4
21,OLY,P011194,6.549,3,13,10
21,OLY,P012878,21.016,7,46,39
21,OLY,P013380,21.783,6,47,41
22,BAS,P004058,3.667,0,5,5
22,BAS,P007230,24.1,-5,47,52
22,BAS,P008072,28.317,9,53,44
22,BAS,P011085,14.75,9,29,20
22,BAS,P011196,9.35,-5,16,21
22,BAS,P011948,17.816,3,38,35
22,BAS,P012058,14.517,-5,27,32
22,BAS,P012080,23.517,3,40,37
22,BAS,P012201,27.65,7,54,47
22,BAS,P012597,20.45,0,43,43
22,BAS,P013367,15.866,4,28,24
22,MAD,P003108,27.617,-8,49,57
22,MAD,P003583,6.817,-7,7,14
22,MAD,P003733,7.983,-11,9,20
22,MAD,P005791,33.033,1,63,62
22,MAD,P006540,33.45,3,65,62
22,MAD,P009005,25.783,-5,45,50
22,MAD,P009213,26.667,5,50,45
22,MAD,P013378,15.117,0,27,27
22,MAD,PTGB,23.533,2,45,43
23,PAN,P001926,14.868,-7,29,36
23,PAN,P002328,15.733,6,34,28
23,PAN,P003842,29.852,2,58,56
23,PAN,P004088,11.917,-1,28,29
23,PAN,P005161,11.267,4,22,18
23,PAN,P005353,7.55,-12,10,22
23,PAN,P007866,14.868,-4,27,31
23,PAN,P009622,18.502,-7,39,46
23,PAN,P011204,30.885,-1,62,63
23,PAN,P011209,1.583,0,2,2
23,PAN,P012712,15.717,1,35,34
23,PAN,P012774,27.268,-1,54,55
23,PRS,P004197,19.717,1,40,39
23,PRS,P005793,13.333,12,29,17
23,PRS,P010390,18.55,-14,36,50
23,PRS,P012608,27.417,-6,57,63
23,PRS,P012609,23.6,10,51,41
23,PRS,P012610,23.283,-19,43,62
23,PRS,P012611,9.683,14,24,10
23,PRS,P012612,11.416,4,28,24
23,PRS,P012613,23.334,5,52,47
23,PRS,P012640,20.283,3,44,41
23,PRS,P013373,9.384,10,16,6
24,VIR,P001133,28.45,1,51,50
24,VIR,P001844,13.884,-9,19,28
24,VIR,P002084,13.7,-1,18,19
24,VIR,P004554,6.984,-7,8,15
24,VIR,P004888,36.317,8,67,59
24,VIR,P005738,4.167,-10,7,17
24,VIR,P006739,24.45,5,43,38
24,VIR,P009549,18.201,-4,29,33
24,VIR,P012585,5.15,-6,11,17
24,VIR,P012591,5.067,-4,8,12
24,VIR,P013374,24.151,15,48,33
24,VIR,PBCN,19.484,-3,31,34
24,ZAL,P002329,26.833,-8,45,53
24,ZAL,P002676,16.45,15,34,19
24,ZAL,P003048,16.483,-20,11,31
24,ZAL,P003210,9.267,-6,12,18
24,ZAL,P005504,14.717,4,31,27
24,ZAL,P007029,19.901,4,30,26
24,ZAL,P007513,30.366,-5,52,57
24,ZAL,P007975,25.567,11,54,43
24,ZAL,P011051,8.8,19,29,10
24,ZAL,P011983,13.366,-14,15,29
24,ZAL,P012622,18.25,15,42,27
26,MUN,P004508,27.732,-2,61,63
26,MUN,P005460,10.916,12,26,14
26,MUN,P007056,26.199,-6,55,61
26,MUN,P007201,19.216,-7,39,46
26,MUN,P007639,5.833,-11,6,17
26,MUN,P010391,27.466,4,63,59
26,MUN,P011052,5.883,-10,6,16
26,MUN,P011224,24.965,-4,47,51
26,MUN,P011244,15.999,-2,26,28
26,MUN,P011987,26.048,-10,47,57
26,MUN,P012123,9.733,-4,14,18
26,PAR,P004761,22.152,4,50,46
26,PAR,P006591,27.669,13,61,48
26,PAR,P006760,22.701,8,52,44
26,PAR,P007632,7.116,-7,6,13
26,PAR,P007870,12.834,4,30,26
26,PAR,P008232,15.2,-2,28,30
26,PAR,P010781,17.018,6,41,35
26,PAR,P011050,7.2,-9,8,17
26,PAR,P011981,19.951,13,48,35
26,PAR,P012720,24.935,3,56,53
26,PAR,P013369,23.234,7,50,43
27,IST,P004887,30.217,8,79,71
27,IST,P006590,18.05,1,41,40
27,IST,P006640,7.583,-9,13,22
27,IST,P007109,14.601,-14,20,34
27,IST,P007200,23.416,5,61,56
27,IST,P009664,11.383,-3,25,28
27,IST,P011078,28.101,6,67,61
27,IST,P012710,21.233,1,48,47
27,IST,P012788,6.016,-4,10,14
27,IST,P013363,30.849,4,73,69
27,IST,P013364,8.551,-5,18,23
27,TEL,P004233,5.367,-7,9,16
27,TEL,P005145,10.385,16,35,19
27,TEL,P006835,34.203,-2,79,81
27,TEL,P007990,21.369,13,54,41
27,TEL,P011193,26.502,-7,64,71
27,TEL,P011214,21.634,4,47,43
27,TEL,P011219,24.951,-10,52,62
27,TEL,P013381,0.167,-2,0,2
27,TEL,P013382,32.968,-9,67,76
27,TEL,P013389,22.469,14,58,44
25,BAR,P000925,19.1,8,40,32
25,BAR,P002939,20.217,13,44,31
25,BAR,P003196,18.417,18,49,31
25,BAR,P003478,12.65,10,27,17
25,BAR,P006435,17.316,4,37,33
25,BAR,P009862,24.984,18,58,40
25,BAR,P009992,15.033,1,32,31
25,BAR,P010106,6.767,-1,13,14
25,BAR,P012745,29.3,7,61,54
25,BAR,P012795,17.483,-5,33,38
25,BAR,P013379,18.733,2,36,34
25,MCO,P002581,28.35,-10,51,61
25,MCO,P005844,9.484,-9,13,22
25,MCO,P005985,23.533,-21,36,57
25,MCO,P008099,14.818,2,31,29
25,MCO,P009754,23.25,-12,37,49
25,MCO,P011212,25.201,-4,46,50
25,MCO,P011226,26.368,-2,52,54
25,MCO,P011231,29.767,-19,48,67
25,MCO,P013365,6.234,5,16,11
25,MCO,PLCZ,13.0,-5,25,30
28,BER,P006251,15.35,1,36,35
28,BER,P006919,25.582,2,55,53
28,BER,P007025,11.4,0,19,19
28,BER,P008062,14.483,-9,19,28
28,BER,P008173,24.166,1,48,47
28,BER,P008384,4.433,-8,4,12
28,BER,P008780,25.516,2,52,50
28,BER,P010791,16.9,-4,22,26
28,BER,P011934,20.516,-10,31,41
28,BER,P012604,24.349,1,46,45
28,BER,P012721,17.3,-11,23,34
28,ULK,P002849,21.098,1,42,41
28,ULK,P002968,6.533,-6,6,12
28,ULK,P006961,23.798,8,50,42
28,ULK,P007182,7.865,2,14,12
28,ULK,P008104,17.332,8,31,23
28,ULK,P008962,26.515,0,54,54
28,ULK,P009783,16.882,-1,30,31
28,ULK,P009863,27.331,-1,56,57
28,ULK,P010560,17.332,9,33,24
28,ULK,P011205,17.766,3,39,36
28,ULK,PLMG,17.533,12,35,23
29,MIL,P000796,31.234,6,69,63
29,MIL,P001392,4.516,2,9,7
29,MIL,P001518,19.018,-2,36,38
29,MIL,P006085,23.817,-9,43,52
29,MIL,P006509,15.367,-2,34,36
29,MIL,P007831,29.084,-2,59,61
29,MIL,P008985,22.601,-12,48,60
29,MIL,P008987,28.95,-7,55,62
29,MIL,P013384,11.234,1,24,23
29,MIL,P013385,8.934,5,21,16
29,MIL,P013386,5.25,5,12,7
29,ZAL,P002329,27.916,2,59,57
29,ZAL,P002676,15.633,-9,24,33
29,ZAL,P003048,8.866,-6,12,18
29,ZAL,P003210,10.434,0,23,23
29,ZAL,P005504,14.251,1,30,29
29,ZAL,P007029,22.6,19,61,42
29,ZAL,P007513,34.399,9,76,67
29,ZAL,P007975,21.734,2,44,42
29,ZAL,P011051,16.833,8,43,35
29,ZAL,P011983,4.017,-10,3,13
29,ZAL,P012622,21.85,-2,47,49
29,ZAL,P012715,1.467,1,3,2
30,MUN,P004508,23.233,-2,59,61
30,MUN,P005460,11.033,9,38,29
30,MUN,P007056,26.267,-6,64,70
30,MUN,P007201,19.583,1,55,54
30,MUN,P010391,26.784,3,68,65
30,MUN,P011052,11.833,1,33,32
30,MUN,P011224,25.867,6,79,73
30,MUN,P011244,24.25,-1,64,65
30,MUN,P011987,29.817,2,83,81
30,MUN,P012123,1.333,-3,2,5
30,PRS,P004197,17.083,-7,35,42
30,PRS,P005793,13.517,1,40,39
30,PRS,P010390,15.767,-8,32,40
30,PRS,P012608,27.215,-1,69,70
30,PRS,P012609,22.916,5,66,61
30,PRS,P012610,26.232,0,72,72
30,PRS,P012611,11.734,-1,33,34
30,PRS,P012612,6.75,-1,13,14
30,PRS,P012613,26.482,-3,67,70
30,PRS,P012640,16.8,1,57,56
30,PRS,P013373,15.499,4,51,47
31,MAD,P003108,20.817,-13,37,50
31,MAD,P003583,10.65,-4,17,21
31,MAD,P003733,13.984,19,42,23
31,MAD,P005791,29.301,7,72,65
31,MAD,P005928,31.684,9,77,68
31,MAD,P006540,23.051,13,60,47
31,MAD,P009005,23.467,-12,43,55
31,MAD,P009213,16.234,19,48,29
31,MAD,P011649,6.584,-2,14,16
31,MAD,P013378,7.733,-3,12,15
31,MAD,PTGB,16.5,-13,28,41
31,PAN,P001926,24.333,0,54,54
31,PAN,P002328,2.4,5,7,2
31,PAN,P003842,23.766,-4,51,55
31,PAN,P004088,16.266,0,40,40
31,PAN,P005161,21.333,-9,39,48
31,PAN,P005353,15.0,-1,31,32
31,PAN,P007866,11.816,-2,29,31
31,PAN,P009622,3.65,-11,3,14
31,PAN,P011204,23.216,1,47,46
31,PAN,P012712,29.416,-1,61,62
31,PAN,P012774,28.799,2,68,66
32,PAR,P004761,9.933,-2,25,27
32,PAR,P006591,25.367,9,51,42
32,PAR,P006760,24.2,1,54,53
32,PAR,P007632,2.767,-2,2,4
32,PAR,P007870,19.751,2,46,44
32,PAR,P008232,12.95,14,31,17
32,PAR,P010781,29.0,12,73,61
32,PAR,P011981,22.749,5,49,44
32,PAR,P012720,26.766,3,60,57
32,PAR,P013369,26.517,18,64,46
32,TEL,P004233,1.633,4,4,0
32,TEL,P005145,9.132,5,19,14
32,TEL,P006835,27.132,-7,58,65
32,TEL,P007855,2.55,-3,6,9
32,TEL,P007990,22.565,-12,41,53
32,TEL,P011193,32.032,-9,60,69
32,TEL,P011214,23.532,-5,49,54
32,TEL,P011219,26.266,-8,50,58
32,TEL,P013381,1.8,2,4,2
32,TEL,P013382,31.932,-13,61,74
32,TEL,P013389,21.416,-14,43,57
33,MCO,P002581,24.583,22,68,46
33,MCO,P005844,15.433,-4,35,39
33,MCO,P005985,26.199,16,68,52
33,MCO,P008099,20.3,14,54,40
33,MCO,P008161,2.517,-4,7,11
33,MCO,P009754,21.4,0,51,51
33,MCO,P011212,23.316,3,59,56
33,MCO,P011226,26.265,19,64,45
33,MCO,P013365,16.982,3,40,37
33,MCO,PLCZ,23.0,11,59,48
33,VIR,P001133,29.051,-16,62,78
33,VIR,P001844,18.533,-1,40,41
33,VIR,P002084,12.617,6,32,26
33,VIR,P004554,15.534,-9,38,47
33,VIR,P004888,27.651,-9,57,66
33,VIR,P006739,18.468,-14,37,51
33,VIR,P009549,22.451,-8,48,56
33,VIR,P012585,20.366,-8,44,52
33,VIR,P012591,0.184,-1,1,2
33,VIR,P013374,19.417,-9,34,43
33,VIR,PBCN,15.733,-11,32,43
34,IST,P004887,29.799,-6,59,65
34,IST,P006372,4.933,3,12,9
34,IST,P006590,9.599,4,27,23
34,IST,P007109,13.415,9,38,29
34,IST,P007200,26.282,18,63,45
34,IST,P009664,20.432,16,56,40
34,IST,P009846,31.149,-5,68,73
34,IST,P011078,27.382,-9,61,70
34,IST,P012710,16.35,-15,29,44
34,IST,P013363,20.649,-5,42,47
34,OLY,P001255,17.966,11,40,29
34,OLY,P003469,30.082,9,73,64
34,OLY,P007853,22.033,-13,49,62
34,OLY,P007947,16.85,-10,39,49
34,OLY,P008811,18.699,11,42,31
34,OLY,P008829,17.384,-15,37,52
34,OLY,P008855,23.149,8,50,42
34,OLY,P009849,16.15,2,35,33
34,OLY,P011194,7.283,-7,14,21
34,OLY,P012878,13.783,-9,28,37
34,OLY,P013380,16.616,3,38,35
35,BAR,P000925,26.967,-4,56,60
35,BAR,P002939,26.366,-6,51,57
35,BAR,P003196,17.483,10,42,32
35,BAR,P003478,12.301,9,32,23
35,BAR,P006435,29.833,6,64,58
35,BAR,P009862,26.817,13,64,51
35,BAR,P009992,14.3,4,29,25
35,BAR,P010106,12.317,-2,29,31
35,BAR,P012745,28.467,3,64,61
35,BAR,P012795,13.066,-12,25,37
35,BAR,P013379,17.083,-1,34,35
35,RED,P000848,11.184,7,24,17
35,RED,P002553,19.417,-12,30,42
35,RED,P004007,9.551,-2,17,19
35,RED,P004866,29.752,-6,68,74
35,RED,P006436,20.301,-10,37,47
35,RED,P009035,25.168,3,59,56
35,RED,P009048,18.119,-1,39,40
35,RED,P010612,19.135,-6,37,43
35,RED,P012044,25.849,3,55,52
35,RED,P012786,25.351,0,54,54
35,RED,PJDR,12.05,12,38,26
35,RED,PLUO,9.133,-8,12,20
36,ASV,P000229,19.866,4,37,33
36,ASV,P002100,19.267,5,40,35
36,ASV,P003526,23.018,20,55,35
36,ASV,P004194,11.967,-8,14,22
36,ASV,P007027,27.667,16,58,42
36,ASV,P010545,32.468,16,66,50
36,ASV,P011225,24.584,3,47,44
36,ASV,P012731,4.633,-10,5,15
36,ASV,P013371,11.034,-12,11,23
36,ASV,P013372,16.367,8,36,28
36,ASV,PKIR,9.134,-7,11,18
36,BAS,P008072,10.717,11,22,11
36,BAS,P011196,29.283,-18,47,65
36,BAS,P011948,34.85,-8,63,71
36,BAS,P012058,14.816,-13,18,31
36,BAS,P012080,27.183,-3,45,48
36,BAS,P012201,30.134,-6,54,60
36,BAS,P012597,30.3,-4,52,56
36,BAS,P013367,22.717,6,44,38
37,PAR,P004761,19.616,0,39,39
37,PAR,P006591,21.7,-9,22,31
37,PAR,P006760,33.833,-2,60,62
37,PAR,P007632,4.567,3,9,6
37,PAR,P007870,14.9,5,27,22
37,PAR,P008232,6.167,1,9,8
37,PAR,P010781,27.033,-1,53,54
37,PAR,P011981,28.4,-2,49,51
37,PAR,P012720,29.117,1,56,55
37,PAR,P013369,14.667,-1,21,22
37,VIR,P001133,35.8,9,68,59
37,VIR,P001844,13.9,5,17,12
37,VIR,P002084,3.367,-5,2,7
37,VIR,P004554,16.45,-4,29,33
37,VIR,P004888,28.266,1,57,56
37,VIR,P009549,30.5,-1,54,55
37,VIR,P012585,24.883,-2,53,55
37,VIR,P012591,17.084,-1,23,24
37,VIR,P013374,22.317,4,39,35
37,VIR,PBCN,7.433,-1,8,9
39,TEL,P004233,6.6,-7,10,17
39,TEL,P005145,8.334,-5,8,13
39,TEL,P006835,33.868,-14,55,69
39,TEL,P007990,16.034,-13,22,35
39,TEL,P011214,24.651,-10,35,45
39,TEL,P011219,18.234,-7,31,38
39,TEL,P011433,18.001,-2,25,27
39,TEL,P013381,14.484,6,25,19
39,TEL,P013382,31.619,-8,54,62
39,TEL,P013389,28.185,-15,50,65
39,ZAL,P002329,28.334,10,62,52
39,ZAL,P002676,18.783,8,31,23
39,ZAL,P003048,21.2,9,43,34
39,ZAL,P003210,3.867,-3,3,6
39,ZAL,P005504,8.333,13,21,8
39,ZAL,P007029,13.765,14,29,15
39,ZAL,P007513,22.534,9,50,41
39,ZAL,P007975,19.815,11,42,31
39,ZAL,P011051,10.517,-7,14,21
39,ZAL,P011983,17.618,-1,31,32
39,ZAL,P012622,30.501,5,55,50
39,ZAL,P012715,4.733,7,9,2
38,MCO,P002581,18.818,-13,30,43
38,MCO,P005844,15.067,8,37,29
38,MCO,P005985,25.434,-10,47,57
38,MCO,P008099,13.701,-12,17,29
38,MCO,P009754,26.301,5,63,58
38,MCO,P011212,23.318,3,54,51
38,MCO,P011226,32.568,-11,58,69
38,MCO,P011231,20.268,6,50,44
38,MCO,P013365,10.001,-3,21,24
38,MCO,PLCZ,14.534,-8,23,31
38,PRS,P004197,16.034,10,38,28
38,PRS,P005793,11.683,-12,17,29
38,PRS,P007032,14.166,-2,25,27
38,PRS,P010390,19.734,17,48,31
38,PRS,P012608,29.118,15,73,58
38,PRS,P012609,19.867,-11,36,47
38,PRS,P012610,26.551,13,63,50
38,PRS,P012612,8.434,2,18,16
38,PRS,P012613,28.318,19,70,51
38,PRS,P012640,15.75,0,33,33
38,PRS,P013373,10.35,-16,14,30
40,IST,P004887,25.065,9,65,56
40,IST,P006590,21.35,9,53,44
40,IST,P007109,20.001,16,53,37
40,IST,P007200,12.516,10,26,16
40,IST,P009846,30.848,2,70,68
40,IST,P011078,29.0,14,73,59
40,IST,P012710,19.998,-4,43,47
40,IST,P012788,14.934,3,31,28
40,IST,P013363,26.283,1,66,65
40,MIL,P000796,29.501,-9,68,77
40,MIL,P001518,11.417,-11,17,28
40,MIL,P005670,6.95,3,19,16
40,MIL,P006085,13.2,-14,21,35
40,MIL,P006509,14.801,-12,27,39
40,MIL,P006721,15.75,-21,22,43
40,MIL,P007831,32.918,-11,74,85
40,MIL,P008985,26.133,1,54,53
40,MIL,P008987,26.101,9,63,54
40,MIL,P013384,23.234,5,55,50
41,BAS,P004058,13.267,12,25,13
41,BAS,P008072,22.234,11,41,30
41,BAS,P010784,1.867,3,6,3
41,BAS,P011085,14.817,18,34,16
41,BAS,P011196,17.766,12,39,27
41,BAS,P011948,23.816,13,50,37
41,BAS,P012058,18.717,15,43,28
41,BAS,P012080,25.183,5,46,41
41,BAS,P012201,21.283,8,37,29
41,BAS,P012597,25.467,25,58,33
41,BAS,P013367,15.583,-7,21,28
41,BER,P006251,16.635,-9,22,31
41,BER,P006919,20.684,-10,33,43
41,BER,P007025,10.351,-16,9,25
41,BER,P007550,4.984,-7,5,12
41,BER,P008062,16.834,-11,22,33
41,BER,P008173,23.4,-5,38,43
41,BER,P008384,20.302,-24,23,47
41,BER,P008780,23.451,4,41,37
41,BER,P010791,18.001,-7,24,31
41,BER,P011934,20.134,-13,30,43
41,BER,P012721,25.234,-17,38,55
42,MAD,P003108,22.134,13,51,38
42,MAD,P003583,13.8,4,26,22
42,MAD,P003733,17.35,9,42,33
42,MAD,P005791,19.1,18,50,32
42,MAD,P005928,19.317,23,54,31
42,MAD,P006540,17.183,7,41,34
42,MAD,P009005,17.867,13,42,29
42,MAD,P009213,26.6,14,66,52
42,MAD,P011649,4.75,0,12,12
42,MAD,P012168,1.983,-3,4,7
42,MAD,P013378,18.6,10,41,31
42,MAD,PTGB,21.316,7,46,39
42,RED,P002553,15.316,-10,28,38
42,RED,P004007,8.116,-1,14,15
42,RED,P004866,22.299,-11,44,55
42,RED,P006240,18.782,-12,32,44
42,RED,P006436,9.733,2,22,20
42,RED,P007960,19.582,-13,33,46
42,RED,P009048,21.883,-23,37,60
42,RED,P010612,21.183,-15,41,56
42,RED,P012044,17.632,0,35,35
42,RED,P012786,16.516,-10,23,33
42,RED,PJDR,18.599,-16,33,49
42,RED,PLUO,10.349,-6,18,24
43,PAN,P001926,19.849,-2,45,47
43,PAN,P003842,24.317,15,56,41
43,PAN,P004088,20.1,5,42,37
43,PAN,P005353,15.682,-10,25,35
43,PAN,P009622,23.183,-4,40,44
43,PAN,P011204,32.633,15,70,55
43,PAN,P012712,28.399,0,52,52
43,PAN,P012774,35.832,6,75,69
43,ULK,P002849,23.667,-11,41,52
43,ULK,P004004,20.583,-6,32,38
43,ULK,P006961,19.818,1,44,43
43,ULK,P007182,13.884,9,31,22
43,ULK,P008962,23.9,-11,38,49
43,ULK,P009783,31.067,5,61,56
43,ULK,P009863,35.017,4,70,66
43,ULK,P011205,19.968,-2,44,46
43,ULK,P013396,4.984,-9,6,15
43,ULK,PLMG,7.117,-5,13,18
44,ASV,P000229,22.001,-3,47,50
44,ASV,P002100,19.066,-3,42,45
44,ASV,P003526,22.051,-5,34,39
44,ASV,P007027,29.65,-6,61,67
44,ASV,P010316,13.433,-3,29,32
44,ASV,P010545,32.917,-2,71,73
44,ASV,P013371,16.5,-5,33,38
44,ASV,P013372,21.3,-4,40,44
44,ASV,P013377,1.633,-1,5,6
44,ASV,PKIR,21.449,-3,53,56
44,BAR,P000925,22.785,16,60,44
44,BAR,P002939,24.868,15,56,41
44,BAR,P003196,14.117,-9,28,37
44,BAR,P003478,20.851,12,48,36
44,BAR,P009862,26.652,6,64,58
44,BAR,P009992,16.3,-1,38,39
44,BAR,P010106,15.134,-8,34,42
44,BAR,P011666,7.383,0,17,17
44,BAR,P012745,25.635,7,60,53
44,BAR,P012795,9.018,-3,15,18
44,BAR,P013379,17.267,0,30,30
45,MUN,P004508,21.134,6,47,41
45,MUN,P007056,29.617,10,69,59
45,MUN,P007201,28.184,6,65,59
45,MUN,P007639,10.384,-6,15,21
45,MUN,P010391,30.801,16,75,59
45,MUN,P011224,25.717,-12,46,58
45,MUN,P011244,12.75,-4,19,23
45,MUN,P011987,35.951,5,76,71
45,MUN,P012123,5.467,-1,8,9
45,OLY,P001255,17.916,-8,37,45
45,OLY,P003469,27.416,-11,53,64
45,OLY,P007853,16.65,7,35,28
45,OLY,P007947,20.0,6,43,37
45,OLY,P008811,17.317,-8,34,42
45,OLY,P008829,12.766,7,27,20
45,OLY,P008855,23.349,-11,45,56
45,OLY,P009849,22.083,4,43,39
45,OLY,P012878,22.499,4,46,42
45,OLY,P013380,19.999,-10,37,47
46,BAR,P000925,15.35,9,41,32
46,BAR,P002939,17.683,3,44,41
46,BAR,P003196,16.483,10,40,30
46,BAR,P003478,17.083,11,40,29
46,BAR,P006568,3.75,-1,8,9
46,BAR,P009862,24.95,5,59,54
46,BAR,P009992,16.217,-2,38,40
46,BAR,P010106,22.317,6,53,47
46,BAR,P012745,24.233,4,57,53
46,BAR,P012795,21.75,4,57,53
46,BAR,P013379,20.184,-4,48,52
46,IST,P004887,19.817,-8,37,45
46,IST,P006590,21.55,1,49,48
46,IST,P006640,7.033,-2,13,15
46,IST,P007109,17.1,-5,42,47
46,IST,P009846,29.284,-10,63,73
46,IST,P011078,31.45,-1,71,72
46,IST,P012710,18.1,-7,35,42
46,IST,P012788,20.183,-1,51,52
46,IST,P013363,28.067,-12,60,72
46,IST,P013364,7.416,0,19,19
47,TEL,P004233,0.133,-2,0,2
47,TEL,P005145,2.266,0,6,6
47,TEL,P006835,34.216,-5,73,78
47,TEL,P007519,28.75,-5,53,58
47,TEL,P007855,0.133,-2,0,2
47,TEL,P007990,16.983,-9,32,41
47,TEL,P011214,22.401,-2,42,44
47,TEL,P011219,23.067,2,47,45
47,TEL,P013381,16.467,10,37,27
47,TEL,P013382,31.966,-3,68,71
47,TEL,P013389,23.618,6,52,46
47,ULK,P002849,25.216,14,60,46
47,ULK,P004004,7.933,-2,16,18
47,ULK,P006961,28.05,-4,56,60
47,ULK,P007182,13.566,-8,20,28
47,ULK,P008962,26.601,1,60,59
47,ULK,P009783,11.984,0,29,29
47,ULK,P009863,22.95,-16,36,52
47,ULK,P010560,11.083,12,29,17
47,ULK,P011205,25.117,2,52,50
47,ULK,P013396,16.283,12,38,26
47,ULK,PLMG,11.217,-1,24,25
49,BER,P006251,21.633,-11,41,52
49,BER,P006919,21.834,2,49,47
49,BER,P008062,18.133,-13,36,49
49,BER,P008173,14.1,-2,32,34
49,BER,P008384,28.267,-7,59,66
49,BER,P008780,27.15,-6,54,60
49,BER,P011631,6.783,-1,14,15
49,BER,P012604,31.767,-8,66,74
49,BER,P012721,30.333,1,64,63
49,PRS,P004197,12.583,10,36,26
49,PRS,P004512,12.316,-12,19,31
49,PRS,P007032,12.483,-4,20,24
49,PRS,P010390,25.166,24,68,44
49,PRS,P012608,27.516,13,72,59
49,PRS,P012609,18.466,-14,31,45
49,PRS,P012610,27.383,13,72,59
49,PRS,P012613,27.516,13,72,59
49,PRS,P012640,21.566,9,45,36
49,PRS,P013373,15.0,-7,25,32
50,MAD,P003108,35.865,-11,63,74
50,MAD,P003583,8.233,-10,12,22
50,MAD,P003733,13.4,-5,21,26
50,MAD,P005791,31.766,0,57,57
50,MAD,P005928,23.166,-2,47,49
50,MAD,P006540,25.299,-4,47,51
50,MAD,P009005,32.649,1,62,61
50,MAD,P009213,12.317,-12,13,25
50,MAD,PTGB,17.3,-7,23,30
50,OLY,P001255,15.166,-5,31,36
50,OLY,P003469,29.35,-7,56,63
50,OLY,P003941,7.684,-7,10,17
50,OLY,P007853,24.833,15,48,33
50,OLY,P007947,7.434,-6,9,15
50,OLY,P007982,13.299,13,26,13
50,OLY,P008811,19.999,7,45,38
50,OLY,P008829,17.366,14,33,19
50,OLY,P008855,23.832,15,56,41
50,OLY,P012878,12.316,10,24,14
50,OLY,P013380,28.716,1,57,56
52,BAS,P008072,25.5,7,62,55
52,BAS,P010784,9.866,-4,15,19
52,BAS,P011085,11.451,1,30,29
52,BAS,P011196,14.033,-2,26,28
52,BAS,P011948,29.8,7,71,64
52,BAS,P012058,15.883,8,34,26
52,BAS,P012080,28.95,6,60,54
52,BAS,P012201,24.517,-3,54,57
52,BAS,P012597,15.067,10,42,32
52,BAS,P013367,24.933,-5,46,51
52,MIL,P000796,26.45,3,60,57
52,MIL,P001392,21.6,8,47,39
52,MIL,P001518,10.016,-15,16,31
52,MIL,P006085,17.934,1,36,35
52,MIL,P006509,16.45,-9,32,41
52,MIL,P006721,12.284,3,23,20
52,MIL,P008985,28.966,-6,61,67
52,MIL,P008987,16.983,-3,38,41
52,MIL,P011199,20.55,-11,38,49
52,MIL,P013384,28.767,4,64,60
54,MUN,P004508,13.833,-8,26,34
54,MUN,P005460,18.549,6,40,34
54,MUN,P007056,25.3,2,59,57
54,MUN,P007201,19.95,-6,44,50
54,MUN,P010391,35.516,2,75,73
54,MUN,P011224,32.249,17,73,56
54,MUN,P011244,16.249,4,33,29
54,MUN,P011987,30.066,-6,66,72
54,MUN,P012123,8.283,4,19,15
54,VIR,P001133,31.682,-12,64,76
54,VIR,P001844,11.982,-4,20,24
54,VIR,P002084,20.749,3,48,45
54,VIR,P004888,30.699,-1,66,67
54,VIR,P005738,3.766,1,8,7
54,VIR,P009549,32.349,11,78,67
54,VIR,P012585,31.416,-2,68,70
54,VIR,P012591,4.249,-11,2,13
54,VIR,P013374,18.999,-6,34,40
54,VIR,PBCN,14.099,6,32,26
48,RED,P000848,27.999,14,62,48
48,RED,P002553,9.317,-5,20,25
48,RED,P004007,12.199,-3,26,29
48,RED,P004866,27.332,-7,58,65
48,RED,P006240,22.448,9,52,43
48,RED,P006436,7.534,-6,10,16
48,RED,P007960,5.267,-3,8,11
48,RED,P009048,26.582,0,60,60
48,RED,P010612,23.899,0,50,50
48,RED,P011194,8.234,-6,12,18
48,RED,P012044,14.867,-4,32,36
48,RED,P012786,14.317,1,30,29
48,ZAL,P002329,18.016,-1,34,35
48,ZAL,P002676,27.949,4,64,60
48,ZAL,P003048,17.534,-3,36,39
48,ZAL,P005504,5.849,5,18,13
48,ZAL,P007029,24.099,1,51,50
48,ZAL,P007513,30.767,2,67,65
48,ZAL,P007975,23.531,13,58,45
48,ZAL,P011051,17.133,-5,32,37
48,ZAL,P011983,5.817,-7,10,17
48,ZAL,P012622,21.483,1,42,41
48,ZAL,P012715,7.817,0,18,18
51,ASV,P000229,16.85,-8,27,35
51,ASV,P002100,14.316,0,29,29
51,ASV,P003526,17.867,-14,31,45
51,ASV,P007027,21.117,-25,30,55
51,ASV,P008991,12.984,-7,26,33
51,ASV,P010316,20.466,-3,36,39
51,ASV,P010545,19.199,-18,27,45
51,ASV,P012731,17.616,-18,27,45
51,ASV,P013371,25.332,-16,43,59
51,ASV,P013372,17.816,-2,36,38
51,ASV,P013377,2.467,-2,5,7
51,ASV,PKIR,13.965,-7,23,30
51,PAN,P001926,12.3,6,28,22
51,PAN,P003842,18.867,7,43,36
51,PAN,P004088,23.834,17,60,43
51,PAN,P005161,17.467,10,37,27
51,PAN,P005353,18.401,16,42,26
51,PAN,P007866,21.167,8,48,40
51,PAN,P009622,18.9,11,46,35
51,PAN,P011204,21.684,13,52,39
51,PAN,P011209,7.734,0,11,11
51,PAN,P011221,4.65,0,9,9
51,PAN,P012712,16.917,17,42,25
51,PAN,P012774,18.084,15,42,27
53,MCO,P002581,11.8,-7,21,28
53,MCO,P005844,24.216,5,46,41
53,MCO,P005985,26.283,-5,49,54
53,MCO,P008099,13.716,10,30,20
53,MCO,P009754,19.049,-2,36,38
53,MCO,P011212,24.916,13,52,39
53,MCO,P011226,29.799,11,63,52
53,MCO,P011231,17.65,-5,34,39
53,MCO,P013365,16.8,4,32,28
53,MCO,PLCZ,15.766,1,32,31
53,PAR,P004761,22.866,4,43,39
53,PAR,P006760,33.867,4,69,65
53,PAR,P007632,11.483,-1,19,20
53,PAR,P007870,18.133,-9,28,37
53,PAR,P008232,9.217,-4,17,21
53,PAR,P010781,27.034,4,55,51
53,PAR,P011836,6.583,-5,9,14
53,PAR,P011981,21.867,4,46,42
53,PAR,P012720,20.117,-5,40,45
53,PAR,P013369,23.4,-15,37,52
53,PAR,P013370,5.433,-2,7,9
55,BER,P006251,23.85,-14,44,58
55,BER,P006919,24.667,-1,46,47
55,BER,P007550,14.75,-2,27,29
55,BER,P008062,18.634,-15,32,47
55,BER,P008384,22.983,-13,34,47
55,BER,P008780,24.983,-8,46,54
55,BER,P011631,16.233,-13,24,37
55,BER,P012100,1.55,1,4,3
55,BER,P012604,26.751,-16,43,59
55,BER,P012721,25.599,1,50,49
55,IST,P004887,16.9,5,36,31
55,IST,P006590,18.516,4,37,33
55,IST,P006640,15.734,9,37,28
55,IST,P007109,20.866,-2,40,42
55,IST,P009513,7.033,-5,11,16
55,IST,P009664,16.766,7,37,30
55,IST,P009846,19.934,13,46,33
55,IST,P011078,18.783,11,41,30
55,IST,P012710,17.367,15,41,26
55,IST,P012788,19.75,15,47,32
55,IST,P013363,23.234,9,49,40
55,IST,P013364,5.117,-1,8,9
56,BAR,P000925,19.968,-9,37,46
56,BAR,P002939,18.852,-13,25,38
56,BAR,P003196,14.334,-10,26,36
56,BAR,P003478,16.484,-6,33,39
56,BAR,P006568,5.7,-2,11,13
56,BAR,P009862,24.918,-6,52,58
56,BAR,P009992,13.65,-16,18,34
56,BAR,P010106,21.15,-8,49,57
56,BAR,P011666,8.334,-7,21,28
56,BAR,P012745,24.551,-8,43,51
56,BAR,P012795,10.284,-8,14,22
56,BAR,P013379,21.785,-12,41,53
56,OLY,P001255,17.334,7,34,27
56,OLY,P003469,24.167,15,52,37
56,OLY,P003941,22.085,6,54,48
56,OLY,P007853,14.5,10,32,22
56,OLY,P007947,14.034,2,34,32
56,OLY,P007982,13.15,-1,26,27
56,OLY,P008811,9.8,7,22,15
56,OLY,P008829,20.002,10,53,43
56,OLY,P008855,21.285,24,54,30
56,OLY,P009849,19.535,12,56,44
56,OLY,P012878,8.117,8,19,11
56,OLY,P013380,16.001,5,39,34
57,MIL,P000796,24.818,-1,56,57
57,MIL,P001392,26.301,18,84,66
57,MIL,P001518,22.818,-5,40,45
57,MIL,P006085,22.618,21,72,51
57,MIL,P006509,26.668,18,80,62
57,MIL,P006721,7.35,8,24,16
57,MIL,P008985,17.384,-12,27,39
57,MIL,P008987,25.351,19,77,58
57,MIL,P011199,17.835,-10,27,37
57,MIL,P013384,8.867,-11,8,19
57,VIR,P001133,33.683,1,77,76
57,VIR,P002084,20.3,-23,41,64
57,VIR,P004554,4.5,-7,7,14
57,VIR,P004888,25.516,-21,52,73
57,VIR,P005738,0.5,-3,0,3
57,VIR,P009549,35.85,2,83,81
57,VIR,P011816,0.833,-1,2,3
57,VIR,P012585,21.918,2,65,63
57,VIR,P012591,16.582,-11,23,34
57,VIR,P013374,16.117,9,33,24
57,VIR,PBCN,24.201,7,67,60
58,MAD,P003108,32.533,3,69,66
58,MAD,P003733,20.15,-6,40,46
58,MAD,P005791,33.818,8,72,64
58,MAD,P005928,29.333,1,58,57
58,MAD,P009005,30.55,4,65,61
58,MAD,P009213,13.516,-10,15,25
58,MAD,P011649,7.717,-4,9,13
58,MAD,P012168,2.333,-4,4,8
58,MAD,P013378,11.617,-2,22,24
58,MAD,PTGB,18.433,5,36,31
58,TEL,P005145,11.166,-3,21,24
58,TEL,P006835,33.517,-5,63,68
58,TEL,P007519,28.483,10,58,48
58,TEL,P007990,13.2,-9,25,34
58,TEL,P011214,24.6,-12,43,55
58,TEL,P011219,15.834,12,38,26
58,TEL,P013381,25.567,10,53,43
58,TEL,P013382,28.383,5,52,47
58,TEL,P013389,19.25,-3,42,45
59,PAR,P004761,21.583,-3,43,46
59,PAR,P006591,21.133,-6,39,45
59,PAR,P006760,16.533,-12,27,39
59,PAR,P007632,12.301,-9,20,29
59,PAR,P007870,16.183,-12,30,42
59,PAR,P008232,24.267,-12,39,51
59,PAR,P010781,16.067,-14,25,39
59,PAR,P011836,12.116,1,27,26
59,PAR,P011981,18.984,-5,32,37
59,PAR,P012720,11.6,-8,19,27
59,PAR,P013369,14.85,-3,30,33
59,PAR,P013370,14.383,-2,29,31
59,ULK,P002849,19.582,16,47,31
59,ULK,P004004,16.532,12,41,29
59,ULK,P006961,22.733,13,54,41
59,ULK,P007182,15.767,2,30,28
59,ULK,P008962,29.016,9,59,50
59,ULK,P009783,22.966,4,47,43
59,ULK,P009863,28.733,20,69,49
59,ULK,P010560,13.233,5,36,31
59,ULK,P011205,24.55,3,48,45
59,ULK,P013396,6.883,1,14,13
60,MCO,P002581,4.033,-5,2,7
60,MCO,P005844,19.6,-3,31,34
60,MCO,P005985,30.865,0,50,50
60,MCO,P008099,13.401,-5,16,21
60,MCO,P009754,26.849,8,50,42
60,MCO,P011212,16.05,-11,18,29
60,MCO,P011226,22.049,9,39,30
60,MCO,P011231,29.966,7,50,43
60,MCO,P013365,17.699,-11,21,32
60,MCO,PLCZ,19.483,6,33,27
60,ZAL,P002329,26.016,-6,39,45
60,ZAL,P002676,27.184,8,47,39
60,ZAL,P003048,12.0,-3,20,23
60,ZAL,P005504,14.268,-3,15,18
60,ZAL,P007029,7.584,-2,8,10
60,ZAL,P007513,22.051,5,43,38
60,ZAL,P007975,21.7,-4,24,28
60,ZAL,P011051,13.417,7,28,21
60,ZAL,P011983,20.567,-3,30,33
60,ZAL,P012622,17.301,1,26,25
60,ZAL,P012715,17.917,5,35,30
61,PAN,P001926,26.217,18,58,40
61,PAN,P003842,25.8,9,50,41
61,PAN,P004088,8.166,-6,13,19
61,PAN,P005161,13.733,0,21,21
61,PAN,P005353,8.15,-13,9,22
61,PAN,P007866,6.05,8,22,14
61,PAN,P009622,27.684,-3,50,53
61,PAN,P011204,25.249,7,59,52
61,PAN,P012712,33.817,-4,67,71
61,PAN,P012774,25.134,4,56,52
61,RED,P000848,22.368,-11,34,45
61,RED,P002553,9.183,-4,19,23
61,RED,P004007,8.233,-2,15,17
61,RED,P004866,27.684,-20,39,59
61,RED,P006240,18.084,3,33,30
61,RED,P006436,13.783,6,34,28
61,RED,P009048,18.902,-8,25,33
61,RED,P010612,21.084,2,48,46
61,RED,P011194,12.734,-3,25,28
61,RED,P012044,21.016,8,52,44
61,RED,P012786,11.8,4,24,20
61,RED,PJDR,15.134,5,37,32
62,ASV,P000229,11.783,-5,23,28
62,ASV,P002100,28.051,-3,55,58
62,ASV,P003526,16.5,6,37,31
62,ASV,P007027,27.883,-6,46,52
62,ASV,P008991,8.267,-14,7,21
62,ASV,P010316,14.517,-16,21,37
62,ASV,P010545,25.666,-2,47,49
62,ASV,P012731,16.9,-11,27,38
62,ASV,P013371,13.367,-12,25,37
62,ASV,P013372,20.85,6,46,40
62,ASV,PKIR,16.216,-8,21,29
62,MUN,P004508,28.05,7,60,53
62,MUN,P005460,11.317,20,27,7
62,MUN,P007056,21.466,-1,42,43
62,MUN,P007201,25.299,-7,46,53
62,MUN,P007639,1.483,-1,6,7
62,MUN,P010391,21.049,1,37,36
62,MUN,P011052,7.167,0,21,21
62,MUN,P011224,17.933,19,39,20
62,MUN,P011244,18.95,16,41,25
62,MUN,P011987,30.282,-1,62,63
62,MUN,P012123,15.516,13,33,20
62,MUN,P013368,1.483,-1,6,7
63,BAS,P004058,19.5,2,31,29
63,BAS,P008072,16.067,-2,24,26
63,BAS,P011085,15.933,-1,24,25
63,BAS,P011196,23.916,0,41,41
63,BAS,P011948,30.65,-9,48,57
63,BAS,P012058,4.751,-7,6,13
63,BAS,P012080,30.783,3,51,48
63,BAS,P012201,30.733,1,51,50
63,BAS,P012597,7.667,-6,8,14
63,BAS,P013367,20.0,9,41,32
63,PRS,P004197,12.716,3,23,20
63,PRS,P004512,12.1,6,20,14
63,PRS,P005793,14.65,2,27,25
63,PRS,P007032,17.817,1,30,29
63,PRS,P010390,14.55,-1,23,24
63,PRS,P012608,27.1,-5,40,45
63,PRS,P012609,19.467,7,37,30
63,PRS,P012610,27.1,-5,40,45
63,PRS,P012613,27.65,-1,44,45
63,PRS,P012640,15.35,1,27,26
63,PRS,P013373,11.5,2,24,22
65,BER,P006251,22.534,-3,43,46
65,BER,P006919,22.133,-16,37,53
65,BER,P007025,11.934,-8,16,24
65,BER,P007550,13.7,-11,16,27
65,BER,P008062,20.417,-2,41,43
65,BER,P008211,11.6,-11,9,20
65,BER,P008384,28.601,-25,56,81
65,BER,P008780,26.301,-10,55,65
65,BER,P011631,15.985,-1,34,35
65,BER,P012099,0.0,0,0,0
65,BER,P012100,1.25,0,3,3
65,BER,P012604,25.55,-18,45,63
65,RED,P000848,17.533,15,41,26
65,RED,P002553,9.666,5,15,10
65,RED,P004866,27.266,27,71,44
65,RED,P006240,12.117,8,33,25
65,RED,P006436,13.567,8,31,23
65,RED,P007960,5.1,-4,9,13
65,RED,P009048,30.233,28,79,51
65,RED,P010612,24.417,8,55,47
65,RED,P011194,18.217,8,44,36
65,RED,P012044,9.934,-7,13,20
65,RED,P012786,19.233,14,47,33
65,RED,PJDR,12.717,-5,22,27
66,MAD,P003108,27.582,3,57,54
66,MAD,P003583,15.366,-13,27,40
66,MAD,P003733,16.517,-11,25,36
66,MAD,P005791,21.683,12,45,33
66,MAD,P005928,28.198,-2,55,57
66,MAD,P009005,31.516,-9,62,71
66,MAD,P009213,16.783,-8,25,33
66,MAD,P011649,3.883,-8,6,14
66,MAD,P013378,15.867,-8,30,38
66,MAD,PTGB,22.6,-1,48,49
66,MIL,P000796,31.45,9,71,62
66,MIL,P001392,29.716,15,73,58
66,MIL,P001518,9.5,-8,7,15
66,MIL,P006085,26.049,-13,41,54
66,MIL,P006509,6.4,-3,14,17
66,MIL,P006721,8.832,9,22,13
66,MIL,P008985,18.233,-4,30,34
66,MIL,P008987,38.316,3,77,74
66,MIL,P011064,15.083,17,46,29
66,MIL,P013384,16.416,20,44,24
67,MUN,P004508,28.766,4,47,43
67,MUN,P005460,2.616,5,7,2
67,MUN,P007056,25.1,-5,49,54
67,MUN,P007201,23.649,10,38,28
67,MUN,P007639,3.968,-1,4,5
67,MUN,P010391,28.683,2,56,54
67,MUN,P011224,20.167,4,47,43
67,MUN,P011244,23.417,1,54,53
67,MUN,P011987,31.467,-2,57,59
67,MUN,P012123,10.95,1,24,23
67,MUN,P013368,1.217,-4,2,6
67,ZAL,P002329,28.249,0,60,60
67,ZAL,P002676,22.982,9,40,31
67,ZAL,P003048,23.1,5,47,42
67,ZAL,P003210,6.7,3,16,13
67,ZAL,P005504,7.233,-8,9,17
67,ZAL,P007029,9.084,-4,21,25
67,ZAL,P007513,30.183,1,54,53
67,ZAL,P007975,23.45,-5,47,52
67,ZAL,P012181,0.683,1,2,1
67,ZAL,P012622,23.318,-5,48,53
67,ZAL,P012715,12.118,-7,11,18
67,ZAL,P013403,12.9,-5,15,20
68,PAR,P004761,29.633,2,60,58
68,PAR,P006591,30.7,-4,58,62
68,PAR,P006760,8.3,-9,12,21
68,PAR,P007870,7.133,-9,10,19
68,PAR,P008232,6.65,0,9,9
68,PAR,P010781,33.45,3,61,58
68,PAR,P011050,6.55,-6,10,16
68,PAR,P011981,26.317,12,51,39
68,PAR,P012720,10.467,-8,10,18
68,PAR,P013369,34.283,1,63,62
68,PAR,P013370,6.517,3,11,8
68,PRS,P004197,15.534,6,24,18
68,PRS,P004512,11.033,8,22,14
68,PRS,P005793,12.733,-7,26,33
68,PRS,P007032,13.866,-8,27,35
68,PRS,P010390,21.617,5,38,33
68,PRS,P012608,28.634,13,53,40
68,PRS,P012609,17.449,-2,37,39
68,PRS,P012610,28.584,12,52,40
68,PRS,P012613,28.584,12,52,40
68,PRS,P012640,17.033,-13,31,44
68,PRS,P013373,4.933,-11,8,19
64,IST,P004887,27.466,-9,51,60
64,IST,P006590,24.116,-3,37,40
64,IST,P006640,4.933,-4,4,8
64,IST,P007109,17.082,-10,20,30
64,IST,P009513,3.933,-5,3,8
64,IST,P009664,13.016,-9,19,28
64,IST,P009846,17.983,-10,34,44
64,IST,P011078,31.583,-5,62,67
64,IST,P012710,20.067,0,42,42
64,IST,P012788,12.533,-3,18,21
64,IST,P013363,27.283,-2,55,57
64,MCO,P005763,5.75,-4,6,10
64,MCO,P005844,25.95,6,48,42
64,MCO,P005985,27.133,12,59,47
64,MCO,P008099,16.766,7,31,24
64,MCO,P009754,19.367,3,45,42
64,MCO,P011212,24.865,9,48,39
64,MCO,P011226,23.416,18,56,38
64,MCO,P011231,17.882,-8,32,40
64,MCO,P012515,0.617,-3,0,3
64,MCO,P013365,18.916,13,37,24
64,MCO,PLCZ,19.333,7,43,36
69,ASV,P002100,25.301,15,60,45
69,ASV,P003526,24.034,-20,36,56
69,ASV,P004194,26.051,-14,44,58
69,ASV,P007027,26.383,-14,44,58
69,ASV,P008991,18.234,13,43,30
69,ASV,P010316,4.767,0,6,6
69,ASV,P010545,11.234,-9,14,23
69,ASV,P012731,24.1,0,43,43
69,ASV,P013371,26.6,-7,47,54
69,ASV,PKIR,13.301,16,28,12
69,ULK,P002849,18.283,1,35,34
69,ULK,P002968,15.633,1,29,28
69,ULK,P004004,23.95,7,53,46
69,ULK,P006961,21.316,-8,36,44
69,ULK,P007182,9.333,-1,17,18
69,ULK,P008104,9.883,-10,11,21
69,ULK,P008962,30.499,18,70,52
69,ULK,P009783,25.966,12,51,39
69,ULK,P009863,2.65,-2,2,4
69,ULK,P010560,6.15,-11,3,14
69,ULK,P011205,28.982,15,65,50
69,ULK,P013396,7.35,-2,13,15
70,OLY,P001255,9.917,7,23,16
70,OLY,P003469,28.25,-2,68,70
70,OLY,P003941,20.684,7,50,43
70,OLY,P007853,19.333,3,42,39
70,OLY,P007947,20.0,2,50,48
70,OLY,P007982,16.751,3,35,32
70,OLY,P008811,15.833,1,39,38
70,OLY,P008829,11.75,7,26,19
70,OLY,P008855,23.916,2,61,59
70,OLY,P009849,1.583,-3,3,6
70,OLY,P012878,3.483,-3,5,8
70,OLY,P013380,28.5,1,68,67
70,PAN,P001926,30.501,6,75,69
70,PAN,P003842,26.967,-3,63,66
70,PAN,P004088,17.533,-8,35,43
70,PAN,P005161,8.134,0,13,13
70,PAN,P005353,3.967,-6,4,10
70,PAN,P007866,13.034,-2,26,28
70,PAN,P009622,9.267,-7,19,26
70,PAN,P011204,20.934,-6,46,52
70,PAN,P011209,0.666,2,4,2
70,PAN,P012712,36.034,1,85,84
70,PAN,P012774,32.968,-2,75,77
71,BAR,P000925,24.284,29,59,30
71,BAR,P002939,17.75,17,37,20
71,BAR,P003478,17.083,11,35,24
71,BAR,P006568,11.749,1,22,21
71,BAR,P007464,2.433,1,4,3
71,BAR,P009862,23.35,10,47,37
71,BAR,P009992,16.416,13,44,31
71,BAR,P010106,19.816,5,50,45
71,BAR,P011666,2.433,1,4,3
71,BAR,P012745,25.833,16,57,41
71,BAR,P012795,20.716,11,52,41
71,BAR,P013379,18.132,0,44,44
71,BAS,P007230,23.699,-5,52,57
71,BAS,P008072,11.366,-1,23,24
71,BAS,P008850,2.433,-1,3,4
71,BAS,P011085,9.816,-10,12,22
71,BAS,P011196,23.565,-17,37,54
71,BAS,P011948,23.849,-18,40,58
71,BAS,P012058,9.617,-2,16,18
71,BAS,P012080,18.366,-15,22,37
71,BAS,P012201,31.915,-25,55,80
71,BAS,P012597,15.699,-6,30,36
71,BAS,P013367,29.665,-15,50,65
72,TEL,P006835,33.585,-1,69,70
72,TEL,P007519,29.818,8,65,57
72,TEL,P007990,17.985,-11,31,42
72,TEL,P011214,19.934,-3,42,45
72,TEL,P011219,24.718,-6,43,49
72,TEL,P013250,9.166,1,18,17
72,TEL,P013381,12.034,2,25,23
72,TEL,P013382,28.268,-9,56,65
72,TEL,P013383,13.384,-5,18,23
72,TEL,P013389,11.118,-11,18,29
72,VIR,P001133,24.383,6,48,42
72,VIR,P002084,16.283,-2,36,38
72,VIR,P004554,28.816,11,68,57
72,VIR,P004888,27.633,2,54,52
72,VIR,P006739,23.067,-2,49,51
72,VIR,P009549,27.616,13,62,49
72,VIR,P011816,0.267,-3,0,3
72,VIR,P012585,17.382,11,36,25
72,VIR,P012591,10.033,-4,19,23
72,VIR,P013374,8.499,-1,12,13
72,VIR,PBCN,16.016,4,36,32
73,MUN,P004508,26.25,-20,37,57
73,MUN,P005460,9.633,-22,7,29
73,MUN,P007056,28.067,11,65,54
73,MUN,P007201,26.433,-2,49,51
73,MUN,P010391,32.583,-2,67,69
73,MUN,P011224,14.301,-8,30,38
73,MUN,P011244,23.35,-6,48,54
73,MUN,P011987,32.784,-2,68,70
73,MUN,P012123,5.466,-3,7,10
73,MUN,P013368,1.133,-1,2,3
73,ULK,P002849,23.233,13,60,47
73,ULK,P002968,16.601,3,29,26
73,ULK,P004004,21.384,5,51,46
73,ULK,P006961,23.067,12,53,41
73,ULK,P007182,11.117,6,22,16
73,ULK,P008104,16.617,1,29,28
73,ULK,P008962,29.051,0,63,63
73,ULK,P009783,16.934,-1,34,35
73,ULK,P011205,30.151,11,72,61
73,ULK,P013396,11.85,5,22,17
74,MCO,P004790,13.383,5,34,29
74,MCO,P005844,22.367,2,56,54
74,MCO,P005985,26.217,-5,59,64
74,MCO,P008099,14.483,2,36,34
74,MCO,P009754,22.933,-6,53,59
74,MCO,P011212,27.917,-2,64,66
74,MCO,P011226,22.1,-11,42,53
74,MCO,P011231,20.817,-11,44,55
74,MCO,P013365,12.15,-4,28,32
74,MCO,PLCZ,17.633,-10,34,44
74,RED,P000848,12.4,1,31,30
74,RED,P002553,8.966,2,18,16
74,RED,P004007,3.8,-6,7,13
74,RED,P004866,32.216,13,80,67
74,RED,P006240,8.7,-6,17,23
74,RED,P006436,20.533,13,57,44
74,RED,P009048,27.95,11,70,59
74,RED,P010612,24.499,4,59,55
74,RED,P011194,22.333,12,63,51
74,RED,P012044,16.299,2,38,36
74,RED,P012786,9.233,-11,17,28
74,RED,PJDR,13.066,5,33,28
75,BER,P006251,34.0,3,82,79
75,BER,P007025,32.534,11,81,70
75,BER,P007550,18.8,-16,33,49
75,BER,P008173,33.768,11,86,75
75,BER,P008384,36.185,5,81,76
75,BER,P011626,6.451,-5,11,16
75,BER,P011631,23.367,0,54,54
75,BER,P012099,3.533,-6,5,11
75,BER,P012100,5.916,0,13,13
75,BER,P012604,30.451,17,79,62
75,MIL,P000796,34.634,-3,79,82
75,MIL,P001392,23.484,-18,48,66
75,MIL,P001518,19.001,-8,34,42
75,MIL,P006085,31.067,-2,77,79
75,MIL,P006509,17.618,11,43,32
75,MIL,P006721,5.333,-1,13,14
75,MIL,P008985,31.65,-4,76,80
75,MIL,P008987,35.034,6,87,81
75,MIL,P011064,14.284,-2,24,26
75,MIL,P013384,10.75,3,22,19
75,MIL,P013386,2.15,-2,2,4
76,ASV,P003526,30.417,8,80,72
76,ASV,P004194,27.434,6,76,70
76,ASV,P007027,31.3,-6,74,80
76,ASV,P008991,12.466,-8,16,24
76,ASV,P012263,5.55,-5,7,12
76,ASV,P012731,22.0,3,61,58
76,ASV,P013371,32.15,1,74,73
76,ASV,P013405,19.333,-4,37,41
76,ASV,PKIR,19.35,-5,35,40
76,OLY,P001255,10.001,-5,24,29
76,OLY,P003469,30.001,5,76,71
76,OLY,P003941,23.1,-2,60,62
76,OLY,P007853,15.75,-5,27,32
76,OLY,P007947,13.733,3,39,36
76,OLY,P007982,19.117,1,41,40
76,OLY,P008811,9.267,3,22,19
76,OLY,P008829,10.1,-3,18,21
76,OLY,P008855,27.768,6,74,68
76,OLY,P009849,5.1,-1,5,6
76,OLY,P012878,7.534,1,12,11
76,OLY,P013380,28.534,7,72,65
77,PAN,P001926,12.399,-10,20,30
77,PAN,P003842,30.95,16,78,62
77,PAN,P004088,15.617,10,43,33
77,PAN,P005161,6.567,-5,12,17
77,PAN,P005353,8.95,-7,15,22
77,PAN,P007866,11.0,-12,15,27
77,PAN,P009622,13.7,1,29,28
77,PAN,P011204,28.3,15,73,58
77,PAN,P011209,6.884,2,17,15
77,PAN,P012712,29.0,18,78,60
77,PAN,P012774,36.633,2,85,83
77,TEL,P006835,34.85,-4,78,82
77,TEL,P007519,26.984,-12,56,68
77,TEL,P011193,22.117,-7,49,56
77,TEL,P011219,29.15,-7,61,68
77,TEL,P013250,11.7,2,28,26
77,TEL,P013381,15.583,5,31,26
77,TEL,P013382,30.333,-10,66,76
77,TEL,P013383,12.067,1,27,26
77,TEL,P013389,17.216,2,39,37
78,BAS,P004058,7.933,-9,10,19
78,BAS,P007230,25.599,4,53,49
78,BAS,P008072,28.682,5,58,53
78,BAS,P011085,14.282,-2,29,31
78,BAS,P011196,10.783,-9,23,32
78,BAS,P011948,20.665,-17,37,54
78,BAS,P012058,7.833,0,19,19
78,BAS,P012080,17.115,-1,39,40
78,BAS,P012201,28.099,1,62,61
78,BAS,P012597,13.117,9,30,21
78,BAS,P013367,25.882,-6,60,66
78,IST,P004887,21.866,16,59,43
78,IST,P006590,27.55,-1,64,65
78,IST,P006640,9.817,7,22,15
78,IST,P007109,13.45,2,33,31
78,IST,P009513,0.183,-3,0,3
78,IST,P009664,13.116,6,32,26
78,IST,P009846,27.483,17,70,53
78,IST,P011078,26.933,-1,60,61
78,IST,P012710,13.617,-6,24,30
78,IST,P012788,17.951,-8,30,38
78,IST,P013363,16.101,-2,29,31
78,IST,P013364,11.933,-2,22,24
79,MAD,P003108,30.251,6,71,65
79,MAD,P003583,16.517,1,33,32
79,MAD,P003733,16.334,2,36,34
79,MAD,P005791,23.051,15,65,50
79,MAD,P005928,23.934,19,70,51
79,MAD,P009005,22.417,10,57,47
79,MAD,P009213,19.117,9,49,40
79,MAD,P011649,7.267,3,19,16
79,MAD,P012168,0.433,-4,0,4
79,MAD,P012199,0.95,-4,0,4
79,MAD,P013378,22.367,0,50,50
79,MAD,PTGB,17.367,3,40,37
79,VIR,P001133,24.901,-11,55,66
79,VIR,P001844,8.584,-7,21,28
79,VIR,P002084,15.1,-1,31,32
79,VIR,P004554,23.55,-7,54,61
79,VIR,P004888,25.985,2,63,61
79,VIR,P006739,21.416,-2,43,45
79,VIR,P009549,24.749,-12,56,68
79,VIR,P012585,12.217,-3,25,28
79,VIR,P012591,16.919,-4,33,37
79,VIR,P013374,16.451,-5,32,37
79,VIR,PBCN,10.133,-10,17,27
80,BAR,P000925,25.752,0,53,53
80,BAR,P002939,22.501,14,55,41
80,BAR,P003478,14.584,-1,34,35
80,BAR,P006568,3.066,-4,7,11
80,BAR,P007464,0.733,-3,0,3
80,BAR,P009862,31.467,7,73,66
80,BAR,P009992,9.6,0,21,21
80,BAR,P010106,15.434,-3,27,30
80,BAR,P012745,29.268,14,70,56
80,BAR,P012795,26.417,7,51,44
80,BAR,P013379,21.183,9,44,35
80,PAR,P006591,17.348,-12,27,39
80,PAR,P006760,19.465,-19,33,52
80,PAR,P007870,16.832,-5,32,37
80,PAR,P008232,17.632,7,42,35
80,PAR,P010781,18.831,-20,31,51
80,PAR,P011981,26.165,1,53,52
80,PAR,P012167,19.182,8,47,39
80,PAR,P012720,16.616,-13,31,44
80,PAR,P013369,32.232,-7,60,67
80,PAR,P013370,15.682,20,39,19
81,PRS,P004197,14.351,5,26,21
81,PRS,P004512,9.334,1,18,17
81,PRS,P005793,12.733,-3,31,34
81,PRS,P007032,14.516,-5,31,36
81,PRS,P010390,16.267,6,29,23
81,PRS,P012608,28.951,12,57,45
81,PRS,P012609,19.817,-6,45,51
81,PRS,P012610,28.951,12,57,45
81,PRS,P012613,28.551,16,56,40
81,PRS,P012640,16.384,-2,41,43
81,PRS,P013373,10.15,-6,24,30
81,ZAL,P002329,19.299,-5,31,36
81,ZAL,P002676,30.765,1,63,62
81,ZAL,P003048,12.699,-11,23,34
81,ZAL,P005504,12.666,3,18,15
81,ZAL,P007029,10.199,-8,13,21
81,ZAL,P007513,24.098,-7,49,56
81,ZAL,P007975,27.6,7,59,52
81,ZAL,P011983,16.699,7,44,37
81,ZAL,P012622,26.783,-8,59,67
81,ZAL,P012715,3.85,-1,5,6
81,ZAL,P013403,15.332,-8,21,29
82,ASV,P002100,22.983,4,49,45
82,ASV,P003526,26.767,-3,51,54
82,ASV,P004194,23.384,5,47,42
82,ASV,P007027,34.267,0,70,70
82,ASV,P008991,2.417,-2,2,4
82,ASV,P010545,11.783,-4,22,26
82,ASV,P012731,23.4,1,44,43
82,ASV,P013371,20.433,3,35,32
82,ASV,P013405,18.933,4,37,33
82,ASV,PKIR,15.633,7,28,21
82,RED,P002553,9.2,-3,16,19
82,RED,P004866,29.583,-6,57,63
82,RED,P006240,4.134,-9,2,11
82,RED,P006436,12.666,-1,22,23
82,RED,P007960,5.6,-5,4,9
82,RED,P009048,26.784,-4,50,54
82,RED,P010612,27.65,0,49,49
82,RED,P011194,25.566,7,54,47
82,RED,P012044,22.85,-2,42,44
82,RED,P012786,10.167,4,20,16
82,RED,PJDR,17.85,0,37,37
82,RED,PLUO,7.95,4,17,13
83,BAS,P004058,6.532,-7,11,18
83,BAS,P007230,29.682,-14,49,63
83,BAS,P008072,7.267,-14,5,19
83,BAS,P011085,17.082,2,41,39
83,BAS,P011196,30.265,-2,61,63
83,BAS,P011948,14.949,-13,25,38
83,BAS,P012058,6.716,-8,10,18
83,BAS,P012080,24.266,1,48,47
83,BAS,P012201,28.982,0,59,59
83,BAS,P012597,23.116,-4,45,49
83,BAS,P013367,11.133,-1,21,22
83,MCO,P004790,18.251,3,41,38
83,MCO,P005844,18.483,9,42,33
83,MCO,P005985,26.134,16,56,40
83,MCO,P008099,17.734,0,32,32
83,MCO,P009754,22.684,12,55,43
83,MCO,P011212,22.001,5,55,50
83,MCO,P011226,26.067,6,59,53
83,MCO,P011231,25.101,5,50,45
83,MCO,P013365,9.95,2,19,17
83,MCO,PLCZ,13.6,2,26,24
84,BER,P006251,23.099,-31,45,76
84,BER,P007025,23.833,-20,49,69
84,BER,P007550,15.75,-1,36,37
84,BER,P008173,25.349,-22,54,76
84,BER,P008384,23.933,-13,54,67
84,BER,P011626,9.367,-3,22,25
84,BER,P011631,20.783,-13,40,53
84,BER,P011934,21.949,-12,52,64
84,BER,P012099,2.367,0,8,8
84,BER,P012100,11.366,-15,23,38
84,BER,P012604,22.199,-15,47,62
84,MUN,P004508,22.949,41,81,40
84,MUN,P005460,5.3,5,12,7
84,MUN,P007056,20.15,19,64,45
84,MUN,P007201,17.283,28,60,32
84,MUN,P007639,9.784,-6,25,31
84,MUN,P010391,20.9,28,73,45
84,MUN,P011052,17.233,5,42,37
84,MUN,P011224,20.849,-5,45,50
84,MUN,P011244,13.482,13,36,23
84,MUN,P011987,22.349,33,73,40
84,MUN,P012123,15.717,-15,31,46
84,MUN,P013368,13.999,-1,33,34
85,IST,P004887,24.866,11,45,34
85,IST,P006590,28.516,-1,45,46
85,IST,P006640,7.282,3,17,14
85,IST,P007109,17.398,2,36,34
85,IST,P009664,7.084,4,14,10
85,IST,P009846,22.5,10,45,35
85,IST,P011078,31.634,7,55,48
85,IST,P012710,15.517,4,24,20
85,IST,P012788,15.133,-1,29,30
85,IST,P013363,15.199,4,36,32
85,IST,P013364,14.866,7,24,17
85,MAD,P003108,36.484,-10,60,70
85,MAD,P003583,8.95,-3,19,22
85,MAD,P003733,24.233,3,43,40
85,MAD,P005791,31.05,-7,45,52
85,MAD,P005928,34.9,-6,58,64
85,MAD,P009005,25.367,-4,43,47
85,MAD,P009213,10.967,-12,13,25
85,MAD,P011247,0.083,0,0,0
85,MAD,P011649,5.033,-2,6,8
85,MAD,P013378,5.999,-8,4,12
85,MAD,PTGB,16.934,-1,29,30
86,OLY,P001255,9.301,-5,16,21
86,OLY,P003469,28.651,11,75,64
86,OLY,P003941,21.417,7,54,47
86,OLY,P007853,3.434,-10,4,14
86,OLY,P007947,31.851,6,80,74
86,OLY,P007982,21.501,5,50,45
86,OLY,P008811,12.534,9,31,22
86,OLY,P008829,11.535,-6,21,27
86,OLY,P008855,18.267,11,48,37
86,OLY,P009849,6.567,-6,9,15
86,OLY,P012878,6.034,-13,9,22
86,OLY,P013380,28.918,6,73,67
86,TEL,P005145,6.0,1,12,11
86,TEL,P006835,29.934,-7,70,77
86,TEL,P007519,20.551,-3,49,52
86,TEL,P007990,6.684,0,16,16
86,TEL,P011193,24.385,6,63,57
86,TEL,P011219,22.518,2,53,51
86,TEL,P013250,16.934,-8,31,39
86,TEL,P013381,15.384,-12,27,39
86,TEL,P013382,28.069,12,73,61
86,TEL,P013383,17.934,-7,38,45
86,TEL,P013389,11.617,1,23,22
87,ULK,P002849,18.45,12,36,24
87,ULK,P002968,15.684,7,32,25
87,ULK,P002969,0.333,1,1,0
87,ULK,P004004,29.767,1,55,54
87,ULK,P006961,14.734,-1,21,22
87,ULK,P007182,8.25,-7,13,20
87,ULK,P008104,23.816,8,41,33
87,ULK,P008962,34.383,1,57,56
87,ULK,P009783,26.383,-1,45,46
87,ULK,P010560,22.066,13,48,35
87,ULK,P013396,6.134,1,11,10
87,ZAL,P002329,23.766,-8,38,46
87,ZAL,P002676,28.349,-11,43,54
87,ZAL,P003048,18.616,-5,27,32
87,ZAL,P003210,11.366,-4,17,21
87,ZAL,P005504,11.25,-3,17,20
87,ZAL,P007029,7.866,-9,9,18
87,ZAL,P007513,14.366,-1,19,20
87,ZAL,P007975,22.883,-2,42,44
87,ZAL,P011983,12.066,-1,24,25
87,ZAL,P012622,22.334,11,41,30
87,ZAL,P012715,2.4,0,5,5
87,ZAL,P013403,24.733,-2,43,45
88,BAR,P000925,19.4,-2,44,46
88,BAR,P002939,15.868,-10,30,40
88,BAR,P003196,13.75,-5,30,35
88,BAR,P003478,21.3,-8,38,46
88,BAR,P007464,18.7,-8,49,57
88,BAR,P009862,25.983,-5,58,63
88,BAR,P009992,9.85,-6,22,28
88,BAR,P010106,23.999,-4,57,61
88,BAR,P011666,5.733,-5,13,18
88,BAR,P012745,32.617,-7,75,82
88,BAR,P013379,12.8,-20,19,39
88,PRS,P004197,12.95,4,29,25
88,PRS,P004512,11.15,2,30,28
88,PRS,P005793,15.683,-1,40,41
88,PRS,P007032,19.066,10,52,42
88,PRS,P010390,16.332,0,32,32
88,PRS,P012608,25.383,18,66,48
88,PRS,P012609,22.933,8,66,58
88,PRS,P012610,24.066,13,61,48
88,PRS,P012611,1.1,-2,2,4
88,PRS,P012613,24.316,17,63,46
88,PRS,P012640,19.649,-1,49,50
88,PRS,P013373,7.367,12,25,13
89,MIL,P000796,29.717,3,67,64
89,MIL,P001392,21.717,5,51,46
89,MIL,P001518,26.084,16,58,42
89,MIL,P006085,9.517,-6,17,23
89,MIL,P006721,2.35,-4,2,6
89,MIL,P008985,27.184,-1,51,52
89,MIL,P008987,28.118,14,64,50
89,MIL,P011064,25.034,9,60,51
89,MIL,P013384,19.417,5,43,38
89,MIL,P013385,6.817,-2,19,21
89,MIL,P013386,4.05,-4,8,12
89,PAR,P006591,21.383,-2,44,46
89,PAR,P006760,22.166,0,45,45
89,PAR,P007870,24.133,-17,44,61
89,PAR,P008232,23.433,-6,45,51
89,PAR,P010781,19.982,-10,38,48
89,PAR,P011981,15.733,8,35,27
89,PAR,P012167,9.966,-6,20,26
89,PAR,P012720,34.116,-4,72,76
89,PAR,P013369,22.566,5,50,45
89,PAR,P013370,6.517,-3,12,15
90,PAN,P001926,28.517,-1,58,59
90,PAN,P003842,28.633,4,52,48
90,PAN,P004088,7.917,-2,9,11
90,PAN,P005161,22.717,1,38,37
90,PAN,P005353,10.667,5,30,25
90,PAN,P007866,19.1,1,33,32
90,PAN,P011204,28.116,10,67,57
90,PAN,P011209,6.167,6,12,6
90,PAN,P012712,21.6,0,49,49
90,PAN,P012774,26.566,1,62,61
90,VIR,P001133,31.351,-3,63,66
90,VIR,P001844,9.633,8,23,15
90,VIR,P002084,19.999,-5,38,43
90,VIR,P004554,13.016,3,27,24
90,VIR,P004888,33.45,0,65,65
90,VIR,P006739,29.534,-6,59,65
90,VIR,P009549,34.866,-8,62,70
90,VIR,P012585,2.05,-1,3,4
90,VIR,P012591,2.617,-3,2,5
90,VIR,P013374,13.917,-3,26,29
90,VIR,PBCN,9.567,-7,17,24
91,ULK,P002849,8.451,-9,9,18
91,ULK,P002968,19.617,9,45,36
91,ULK,P004004,23.367,12,57,45
91,ULK,P006961,26.184,4,55,51
91,ULK,P007182,17.534,-3,36,39
91,ULK,P008104,21.383,-2,45,47
91,ULK,P008962,30.717,7,68,61
91,ULK,P009783,31.967,14,76,62
91,ULK,P010560,10.251,-9,18,27
91,ULK,P013396,10.534,-3,21,24
91,VIR,P001133,33.334,-7,66,73
91,VIR,P001844,17.933,-6,32,38
91,VIR,P002084,12.101,5,27,22
91,VIR,P004554,27.967,-3,58,61
91,VIR,P004888,29.268,-6,64,70
91,VIR,P006739,16.901,-3,31,34
91,VIR,P009549,27.616,-11,54,65
91,VIR,P012585,20.052,6,51,45
91,VIR,P013374,5.55,1,11,10
91,VIR,PBCN,9.283,4,16,12
92,ASV,P002100,23.184,-2,63,65
92,ASV,P003526,25.55,6,64,58
92,ASV,P004194,26.75,-14,58,72
92,ASV,P007027,32.917,-4,81,85
92,ASV,P008991,3.617,-1,9,10
92,ASV,P010545,17.75,-2,45,47
92,ASV,P012731,23.75,0,60,60
92,ASV,P013371,22.733,-17,38,55
92,ASV,P013405,11.999,-12,19,31
92,ASV,PKIR,11.75,-9,23,32
92,MCO,P005844,20.967,14,61,47
92,MCO,P005985,27.668,-2,67,69
92,MCO,P008099,22.167,19,68,49
92,MCO,P009754,16.468,1,38,37
92,MCO,P011212,26.252,17,69,52
92,MCO,P011226,22.918,-4,59,63
92,MCO,P011231,34.268,8,86,78
92,MCO,P013365,10.684,5,25,20
92,MCO,PLCZ,18.618,-3,42,45
93,PAR,P006591,25.533,19,58,39
93,PAR,P006760,23.083,6,47,41
93,PAR,P007870,16.816,5,32,27
93,PAR,P008232,5.85,-6,11,17
93,PAR,P010781,29.917,14,70,56
93,PAR,P011836,27.933,17,61,44
93,PAR,P011981,23.184,7,57,50
93,PAR,P012720,20.467,-6,45,51
93,PAR,P013369,27.217,4,64,60
93,RED,P000848,20.866,-11,39,50
93,RED,P002553,9.383,-11,10,21
93,RED,P004866,25.65,-7,48,55
93,RED,P006240,5.333,0,14,14
93,RED,P006436,19.6,4,46,42
93,RED,P009048,28.1,-16,51,67
93,RED,P010612,18.467,-1,38,39
93,RED,P011194,25.284,-1,53,54
93,RED,P012044,16.15,0,40,40
93,RED,P012786,18.35,-9,28,37
93,RED,PJDR,10.5,-7,17,24
93,RED,PLUO,2.317,-1,1,2
94,BAS,P004058,5.366,-6,8,14
94,BAS,P007230,34.768,-19,59,78
94,BAS,P008072,8.467,-14,11,25
94,BAS,P008850,11.65,-6,19,25
94,BAS,P011085,22.217,2,46,44
94,BAS,P011196,15.833,-2,29,31
94,BAS,P011948,23.184,-14,43,57
94,BAS,P012058,5.667,-7,11,18
94,BAS,P012080,25.451,-21,40,61
94,BAS,P012201,15.317,-8,24,32
94,BAS,P013367,32.085,-20,55,75
94,OLY,P001255,20.0,15,45,30
94,OLY,P003941,20.083,13,47,34
94,OLY,P007853,19.416,21,51,30
94,OLY,P007947,21.934,5,48,43
94,OLY,P007982,23.25,16,51,35
94,OLY,P008811,16.517,8,36,28
94,OLY,P008829,30.317,21,69,48
94,OLY,P008855,10.55,0,23,23
94,OLY,P010392,8.05,9,20,11
94,OLY,P012878,3.4,2,9,7
94,OLY,P013380,26.483,5,61,56
95,MIL,P000796,33.349,15,85,70
95,MIL,P001392,21.349,-3,45,48
95,MIL,P001518,8.449,-2,18,20
95,MIL,P006085,10.933,-7,21,28
95,MIL,P006509,1.583,-2,2,4
95,MIL,P006721,2.616,0,4,4
95,MIL,P007831,25.8,21,71,50
95,MIL,P008987,33.634,16,86,70
95,MIL,P011064,28.266,19,74,55
95,MIL,P013384,25.2,8,65,57
95,MIL,P013385,8.816,-5,19,24
95,TEL,P005145,4.049,2,10,8
95,TEL,P006835,32.016,-13,64,77
95,TEL,P007519,25.784,-10,49,59
95,TEL,P007990,20.066,-2,44,46
95,TEL,P011202,12.033,2,28,26
95,TEL,P011219,22.015,1,54,53
95,TEL,P013250,18.816,-8,43,51
95,TEL,P013381,14.583,-1,35,36
95,TEL,P013382,30.083,-14,63,77
95,TEL,P013383,20.55,-17,40,57
97,IST,P004887,25.184,-6,58,64
97,IST,P006372,5.383,-3,8,11
97,IST,P006590,27.315,-11,56,67
97,IST,P007109,13.3,-11,20,31
97,IST,P009513,4.717,-5,7,12
97,IST,P009664,19.166,1,45,44
97,IST,P009846,30.833,4,73,69
97,IST,P011078,35.282,-4,77,81
97,IST,P012710,7.533,1,19,18
97,IST,P012788,13.849,-4,25,29
97,IST,P013363,16.55,-8,31,39
97,IST,P013364,0.883,1,1,0
97,PRS,P004197,13.683,19,32,13
97,PRS,P004512,8.683,1,23,22
97,PRS,P005793,12.45,-8,25,33
97,PRS,P007032,13.933,-7,29,36
97,PRS,P010390,21.95,14,52,38
97,PRS,P012608,27.55,17,68,51
97,PRS,P012609,23.15,-6,55,61
97,PRS,P012610,27.55,17,68,51
97,PRS,P012613,27.467,17,68,51
97,PRS,P012640,14.217,-13,27,40
97,PRS,P013373,9.367,-6,18,24
96,BER,P006251,20.6,-6,51,57
96,BER,P007025,20.117,-12,38,50
96,BER,P007550,19.484,3,42,39
96,BER,P008173,23.167,-18,50,68
96,BER,P008211,19.918,-5,44,49
96,BER,P008384,28.267,-15,61,76
96,BER,P011626,8.65,3,15,12
96,BER,P011631,19.051,-5,38,43
96,BER,P011934,22.75,8,45,37
96,BER,P012100,2.317,1,3,2
96,BER,P012604,15.684,-24,33,57
96,MAD,P003108,23.8,31,70,39
96,MAD,P003583,19.4,-4,44,48
96,MAD,P003733,18.265,8,51,43
96,MAD,P005791,20.599,18,54,36
96,MAD,P005928,19.715,22,63,41
96,MAD,P006540,18.267,-3,37,40
96,MAD,P009005,20.383,2,46,44
96,MAD,P009213,11.9,-9,17,26
96,MAD,P011247,16.184,4,32,28
96,MAD,P011649,8.417,-3,16,19
96,MAD,P013378,17.066,10,48,38
96,MAD,PTGB,5.999,-6,12,18
98,PAN,P001926,22.501,-12,39,51
98,PAN,P003842,23.766,-6,40,46
98,PAN,P005161,20.217,-2,42,44
98,PAN,P005353,16.034,-3,35,38
98,PAN,P007866,7.501,-10,14,24
98,PAN,P009622,26.117,-5,46,51
98,PAN,P011204,27.132,-12,53,65
98,PAN,P011209,4.35,5,10,5
98,PAN,P012712,24.966,5,49,44
98,PAN,P012774,27.416,5,57,52
98,ZAL,P002329,14.433,-8,29,37
98,ZAL,P002676,20.316,-1,42,43
98,ZAL,P003048,16.866,-3,33,36
98,ZAL,P005504,12.199,7,29,22
98,ZAL,P007029,22.033,9,47,38
98,ZAL,P007513,22.466,4,44,40
98,ZAL,P007975,18.5,-8,31,39
98,ZAL,P011051,10.934,3,22,19
98,ZAL,P012622,24.599,12,53,41
98,ZAL,P012715,13.216,9,31,22
98,ZAL,P013403,24.433,11,59,48
99,BAR,P000925,18.183,-9,34,43
99,BAR,P002939,19.2,-9,34,43
99,BAR,P003196,13.418,-12,26,38
99,BAR,P003478,11.9,-5,22,27
99,BAR,P006568,8.4,-1,18,19
99,BAR,P007464,18.934,-6,38,44
99,BAR,P009862,19.734,-15,35,50
99,BAR,P009992,15.833,-1,37,38
99,BAR,P010106,20.418,-11,44,55
99,BAR,P011666,4.434,-6,6,12
99,BAR,P012745,27.05,-14,56,70
99,BAR,P012795,22.501,-21,40,61
99,MUN,P004508,28.484,17,75,58
99,MUN,P005460,12.817,5,27,22
99,MUN,P007056,21.2,19,57,38
99,MUN,P007201,22.084,8,55,47
99,MUN,P007639,3.85,-2,10,12
99,MUN,P007929,16.067,5,41,36
99,MUN,P010391,22.217,11,51,40
99,MUN,P011224,20.301,12,51,39
99,MUN,P011244,17.434,17,43,26
99,MUN,P011987,29.784,25,74,49
99,MUN,P012123,3.15,-4,8,12
99,MUN,P013368,2.617,-3,8,11
100,BAS,P004058,2.767,-4,0,4
100,BAS,P007230,21.718,-7,36,43
100,BAS,P008072,3.901,-4,2,6
100,BAS,P011085,27.3,25,62,37
100,BAS,P011196,33.517,16,77,61
100,BAS,P011948,21.134,-9,41,50
100,BAS,P012058,4.05,-5,6,11
100,BAS,P012201,29.517,14,66,52
100,BAS,P012597,23.601,21,51,30
100,BAS,P013367,32.5,18,74,56
100,ZAL,P002329,13.618,-12,15,27
100,ZAL,P002676,25.902,11,52,41
100,ZAL,P003048,7.749,-9,11,20
100,ZAL,P003210,2.75,-6,0,6
100,ZAL,P005504,11.934,5,21,16
100,ZAL,P007029,24.25,2,52,50
100,ZAL,P007513,27.767,-3,59,62
100,ZAL,P007975,16.818,-8,26,34
100,ZAL,P011051,20.319,-9,38,47
100,ZAL,P012622,19.769,-10,29,39
100,ZAL,P012715,3.983,-1,9,10
100,ZAL,P013403,25.151,-25,38,63
101,BER,P006251,17.665,-19,36,55
101,BER,P007025,24.45,-9,49,58
101,BER,P007550,15.499,-7,31,38
101,BER,P008173,24.417,-8,54,62
101,BER,P008211,18.133,-7,41,48
101,BER,P008384,25.266,-18,48,66
101,BER,P011631,15.599,-1,40,41
101,BER,P011934,24.75,-5,51,56
101,BER,P012604,24.166,-16,53,69
101,BER,P013386,10.05,0,22,22
101,TEL,P006835,28.882,25,78,53
101,TEL,P007519,25.801,8,64,56
101,TEL,P007990,21.366,20,59,39
101,TEL,P011202,14.7,-4,34,38
101,TEL,P011214,14.699,-4,31,35
101,TEL,P011219,15.534,-2,38,40
101,TEL,P011433,1.133,-2,2,4
101,TEL,P013250,22.765,12,63,51
101,TEL,P013381,16.249,4,35,31
101,TEL,P013382,18.666,13,55,42
101,TEL,P013383,20.2,20,56,36
102,PRS,P004197,13.516,-6,21,27
102,PRS,P004512,10.633,3,22,19
102,PRS,P005793,12.784,2,26,24
102,PRS,P007032,17.667,-6,31,37
102,PRS,P010390,20.933,-6,37,43
102,PRS,P012608,27.133,1,55,54
102,PRS,P012609,16.017,7,38,31
102,PRS,P012610,27.216,1,55,54
102,PRS,P012613,27.216,1,55,54
102,PRS,P012640,18.468,12,43,31
102,PRS,P013373,8.417,6,22,16
102,VIR,P001133,21.6,3,39,36
102,VIR,P001844,12.367,-9,17,26
102,VIR,P002084,12.533,-10,20,30
102,VIR,P004554,20.815,-7,40,47
102,VIR,P004888,31.032,6,72,66
102,VIR,P005738,10.416,-1,25,26
102,VIR,P006739,22.132,3,46,43
102,VIR,P009549,24.016,8,59,51
102,VIR,P012585,19.067,-4,34,38
102,VIR,P012591,2.5,-3,2,5
102,VIR,P013374,14.35,6,27,21
102,VIR,PBCN,9.167,-7,9,16
103,OLY,P001255,16.034,-30,18,48
103,OLY,P003941,25.934,-17,35,52
103,OLY,P007853,14.8,-9,20,29
103,OLY,P007947,28.417,3,56,53
103,OLY,P007982,15.934,-13,18,31
103,OLY,P008811,13.917,9,33,24
103,OLY,P008829,24.067,22,54,32
103,OLY,P008855,30.917,0,60,60
103,OLY,P009849,4.734,-6,6,12
103,OLY,P013380,25.251,1,50,49
103,PAR,P004761,28.884,26,67,41
103,PAR,P006591,23.717,5,47,42
103,PAR,P006760,16.018,-10,26,36
103,PAR,P007870,18.183,-1,38,39
103,PAR,P008232,5.284,-3,5,8
103,PAR,P010781,30.967,21,64,43
103,PAR,P011050,10.417,11,22,11
103,PAR,P011836,12.734,-20,16,36
103,PAR,P011981,16.234,3,31,28
103,PAR,P012720,5.933,-12,9,21
103,PAR,P013369,31.634,20,65,45
107,BAR,P000925,38.167,-9,64,73
107,BAR,P002939,26.5,-7,42,49
107,BAR,P003196,3.35,-2,7,9
107,BAR,P003478,25.834,-6,40,46
107,BAR,P006568,8.483,4,19,15
107,BAR,P007464,14.417,4,31,27
107,BAR,P009862,34.516,-3,59,62
107,BAR,P009992,19.683,-5,38,43
107,BAR,P010106,11.967,9,28,19
107,BAR,P012745,35.583,-11,59,70
107,BAR,P012795,27.683,-4,56,60
107,BAR,P013505,3.817,-5,7,12
107,MAD,P003108,35.749,9,68,59
107,MAD,P003583,13.283,-16,13,29
107,MAD,P003733,22.8,6,41,35
107,MAD,P005791,36.45,20,81,61
107,MAD,P005928,44.833,14,89,75
107,MAD,P006540,31.399,3,65,62
107,MAD,P009005,27.316,2,58,56
107,MAD,P011247,5.033,-7,8,15
107,MAD,P013378,16.582,4,27,23
107,MAD,PTGB,16.55,0,35,35
104,MIL,P000796,29.215,11,72,61
104,MIL,P001392,21.965,6,51,45
104,MIL,P001518,23.15,4,54,50
104,MIL,P006085,18.982,12,45,33
104,MIL,P006721,0.05,0,0,0
104,MIL,P007831,25.499,-2,59,61
104,MIL,P008987,29.149,1,70,69
104,MIL,P011064,20.549,-6,46,52
104,MIL,P011941,4.366,-1,5,6
104,MIL,P013384,17.099,9,38,29
104,MIL,P013385,9.966,-4,15,19
104,ULK,P002849,14.099,13,41,28
104,ULK,P002968,9.966,-4,15,19
104,ULK,P004004,17.115,-15,30,45
104,ULK,P006961,30.549,-11,57,68
104,ULK,P007182,13.933,4,45,41
104,ULK,P008104,27.316,3,63,60
104,ULK,P008962,30.632,-10,56,66
104,ULK,P009783,15.415,-3,40,43
104,ULK,P009863,29.966,-9,54,63
104,ULK,P010560,4.933,-4,4,8
104,ULK,P013396,6.066,6,20,14
105,MUN,P004508,21.45,-14,45,59
105,MUN,P005460,11.617,2,22,20
105,MUN,P007056,24.016,-28,39,67
105,MUN,P007201,15.717,-15,29,44
105,MUN,P007639,11.367,2,26,24
105,MUN,P007929,24.15,-11,46,57
105,MUN,P010391,13.417,-20,19,39
105,MUN,P011224,21.35,-8,40,48
105,MUN,P011244,24.283,-9,48,57
105,MUN,P011987,19.233,-19,35,54
105,MUN,P012123,6.7,0,18,18
105,MUN,P013368,6.7,0,18,18
105,RED,P002553,13.717,-2,34,36
105,RED,P004007,19.101,25,53,28
105,RED,P004866,27.667,24,71,47
105,RED,P006240,5.666,-1,9,10
105,RED,P006436,13.05,-14,24,38
105,RED,P009048,21.501,21,57,36
105,RED,P010612,20.267,2,48,46
105,RED,P011194,22.235,25,61,36
105,RED,P012044,18.5,3,44,41
105,RED,P012786,26.284,26,67,41
105,RED,PJDR,6.317,12,22,10
105,RED,PLUO,5.7,-1,15,16
106,MCO,P005844,17.382,4,37,33
106,MCO,P005985,33.116,2,74,72
106,MCO,P008099,15.733,-9,25,34
106,MCO,P008161,0.133,3,3,0
106,MCO,P009754,26.5,1,63,62
106,MCO,P011212,26.233,1,60,59
106,MCO,P011226,30.415,15,78,63
106,MCO,P011231,18.966,0,42,42
106,MCO,P013365,16.917,4,42,38
106,MCO,PLCZ,14.6,-6,31,37
106,PAN,P001926,26.234,-5,60,65
106,PAN,P003842,34.884,2,78,76
106,PAN,P004088,20.116,-2,43,45
106,PAN,P005161,4.883,-5,12,17
106,PAN,P005353,5.116,-5,10,15
106,PAN,P007866,10.833,-7,20,27
106,PAN,P009622,20.083,3,40,37
106,PAN,P011204,31.45,-8,68,76
106,PAN,P012712,19.784,11,48,37
106,PAN,P012774,26.617,1,61,60
108,ASV,P002100,16.433,21,41,20
108,ASV,P003526,18.0,7,39,32
108,ASV,P004194,19.283,11,53,42
108,ASV,P007027,26.0,-13,58,71
108,ASV,P008991,4.8,-3,12,15
108,ASV,P010316,7.05,-9,16,25
108,ASV,P010545,18.467,7,39,32
108,ASV,P011225,18.834,33,53,20
108,ASV,P012731,15.9,8,39,31
108,ASV,P013371,18.566,-11,42,53
108,ASV,P013405,21.717,7,51,44
108,ASV,PKIR,14.95,17,42,25
108,IST,P004887,24.933,-10,49,59
108,IST,P006590,20.934,-10,41,51
108,IST,P007109,16.033,-9,35,44
108,IST,P009513,7.1,7,21,14
108,IST,P009664,9.584,-5,15,20
108,IST,P009846,26.1,-17,45,62
108,IST,P011078,30.483,-19,60,79
108,IST,P012710,14.383,-1,32,33
108,IST,P012788,14.9,-5,33,38
108,IST,P013363,21.517,-8,46,54
108,IST,P013364,14.033,2,33,31
109,IST,P004887,21.616,4,51,47
109,IST,P006590,18.216,16,54,38
109,IST,P007109,19.133,4,52,48
109,IST,P009513,15.849,-1,38,39
109,IST,P009846,24.983,2,58,56
109,IST,P010400,8.683,-5,23,28
109,IST,P011078,31.199,13,75,62
109,IST,P012710,21.266,9,51,42
109,IST,P012788,17.933,5,48,43
109,IST,P013363,21.117,8,55,47
109,MUN,P001557,5.866,-11,12,23
109,MUN,P004508,26.783,-8,56,64
109,MUN,P005460,4.05,-1,12,13
109,MUN,P007056,32.332,-12,70,82
109,MUN,P007201,28.883,-6,64,70
109,MUN,P007639,3.617,2,8,6
109,MUN,P007929,4.566,-3,8,11
109,MUN,P010391,32.949,-5,73,78
109,MUN,P011224,19.716,-3,47,50
109,MUN,P011244,4.983,-6,12,18
109,MUN,P011987,30.117,-3,74,77
109,MUN,P013368,6.133,1,14,13
110,ASV,P002100,21.533,0,39,39
110,ASV,P003526,20.3,-6,35,41
110,ASV,P004194,12.834,-11,22,33
110,ASV,P007027,30.334,17,69,52
110,ASV,P008991,11.349,5,22,17
110,ASV,P010316,3.517,0,11,11
110,ASV,P010545,13.233,2,27,25
110,ASV,P011225,26.417,10,58,48
110,ASV,P012731,25.6,1,49,48
110,ASV,P013371,7.816,-11,11,22
110,ASV,P013405,27.067,3,57,54
110,MAD,P003108,31.068,0,59,59
110,MAD,P003733,11.251,-10,15,25
110,MAD,P005791,25.617,11,58,47
110,MAD,P005928,29.234,5,56,51
110,MAD,P006540,14.317,-13,25,38
110,MAD,P007630,12.833,-11,20,31
110,MAD,P009005,29.684,8,63,55
110,MAD,P009213,13.567,-3,28,31
110,MAD,P011247,10.767,-7,22,29
110,MAD,P011649,1.15,-2,0,2
110,MAD,P013378,6.684,-3,12,15
110,MAD,PTGB,13.833,15,32,17
114,PRS,P004512,12.367,11,31,20
114,PRS,P005793,14.65,0,38,38
114,PRS,P007032,21.567,-1,46,47
114,PRS,P010390,16.783,-2,32,34
114,PRS,P012608,25.933,9,55,46
114,PRS,P012609,22.517,14,59,45
114,PRS,P012610,21.933,11,50,39
114,PRS,P012611,11.983,5,29,24
114,PRS,P012613,25.35,12,55,43
114,PRS,P012640,16.067,-2,40,42
114,PRS,P013373,10.85,3,30,27
114,TEL,P006835,30.368,-20,56,76
114,TEL,P007519,25.05,-8,49,57
114,TEL,P007990,20.417,-3,43,46
114,TEL,P011193,16.633,-7,34,41
114,TEL,P011202,22.6,-1,46,47
114,TEL,P011214,16.15,0,34,34
114,TEL,P011219,13.182,6,32,26
114,TEL,P013250,2.983,1,6,5
114,TEL,P013381,11.066,2,29,27
114,TEL,P013382,30.384,-16,60,76
114,TEL,P013383,11.167,-14,16,30
111,BAR,P000925,28.967,9,67,58
111,BAR,P002939,17.083,-1,31,32
111,BAR,P003196,10.984,-10,22,32
111,BAR,P003478,17.967,8,42,34
111,BAR,P007464,6.267,-2,17,19
111,BAR,P009862,32.384,4,76,72
111,BAR,P010106,24.501,3,63,60
111,BAR,P011666,2.067,-3,3,6
111,BAR,P012745,35.951,0,76,76
111,BAR,P012795,23.834,-13,48,61
111,PAN,P001926,17.998,4,43,39
111,PAN,P003842,25.866,-8,53,61
111,PAN,P004088,3.933,2,10,8
111,PAN,P005353,2.183,0,6,6
111,PAN,P007866,18.815,6,49,43
111,PAN,P009622,24.882,-5,50,55
111,PAN,P011204,33.315,5,76,71
111,PAN,P011209,12.384,-3,27,30
111,PAN,P012712,30.549,5,67,62
111,PAN,P012774,30.065,-1,69,70
112,BAS,P007230,25.882,7,57,50
112,BAS,P008072,13.883,3,29,26
112,BAS,P008850,10.567,6,26,20
112,BAS,P011085,22.416,2,54,52
112,BAS,P011196,26.116,9,59,50
112,BAS,P011948,18.916,2,40,38
112,BAS,P012201,28.25,10,58,48
112,BAS,P012597,27.349,5,61,56
112,BAS,P013367,26.616,16,56,40
112,ULK,P002849,13.267,-2,31,33
112,ULK,P002968,18.0,-10,26,36
112,ULK,P004004,28.083,-11,43,54
112,ULK,P006961,21.133,2,43,41
112,ULK,P007182,17.233,2,42,40
112,ULK,P008104,22.65,2,56,54
112,ULK,P008174,4.75,3,17,14
112,ULK,P008962,33.384,-16,58,74
112,ULK,P009783,17.483,-9,33,42
112,ULK,P009863,19.767,-14,25,39
112,ULK,P013396,4.25,-7,6,13
113,PAR,P004761,17.016,-8,31,39
113,PAR,P006591,23.983,-7,51,58
113,PAR,P006760,20.583,3,47,44
113,PAR,P007870,8.2,6,14,8
113,PAR,P011050,2.95,-3,4,7
113,PAR,P011836,12.967,-5,24,29
113,PAR,P011981,33.899,4,72,68
113,PAR,P012720,30.616,17,68,51
113,PAR,P013369,31.248,14,71,57
113,PAR,P013370,18.533,9,38,29
113,ZAL,P002329,29.834,-4,63,67
113,ZAL,P002676,7.918,0,8,8
113,ZAL,P003048,17.984,-8,33,41
113,ZAL,P005504,7.283,8,22,14
113,ZAL,P007029,8.734,-6,17,23
113,ZAL,P007513,23.282,-1,53,54
113,ZAL,P007975,23.035,-11,36,47
113,ZAL,P011051,14.534,-6,23,29
113,ZAL,P012622,13.051,-10,18,28
113,ZAL,P012715,23.25,-2,47,49
113,ZAL,P013403,31.1,10,70,60
115,MCO,P005844,15.765,-3,29,32
115,MCO,P005985,28.717,-11,58,69
115,MCO,P008099,21.016,-3,45,48
115,MCO,P009754,24.382,1,50,49
115,MCO,P011212,23.032,-8,41,49
115,MCO,P011226,29.666,-12,58,70
115,MCO,P011231,19.116,-6,35,41
115,MCO,P013365,14.067,3,33,30
115,MCO,PLCZ,24.234,-6,51,57
115,OLY,P001255,7.366,-4,14,18
115,OLY,P003469,27.766,15,69,54
115,OLY,P003941,22.866,5,48,43
115,OLY,P007853,23.983,3,56,53
115,OLY,P007947,15.333,6,33,27
115,OLY,P007982,22.499,-2,45,47
115,OLY,P008811,17.133,4,41,37
115,OLY,P008829,18.067,-3,42,45
115,OLY,P008855,22.666,19,55,36
115,OLY,P013380,22.316,2,42,40
