CODETEAM,NUMBER,PLAYER,PLAYER_ID,ROUND,TIME_ON,PER
ARI,13.0,"BOCHORIDIS, ELEFTHERIOS",P003240,1,21.183,3.39982735
ARI,13.0,"BOCHORIDIS, ELEFTHERIOS",P003240,2,19.999,0.15009000000000006
ARI,13.0,"BOCHORIDIS, ELEFTHERIOS",P003240,3,26.135,17.299298500000003
ARI,13.0,"BOCHORIDIS, ELEFTHERIOS",P003240,4,18.366,-5.949868
ARI,13.0,"BOCHORIDIS, ELEFTHERIOS",P003240,5,20.183,-0.6011179499999995
ARI,13.0,"BOCHORIDIS, ELEFTHERIOS",P003240,6,15.683,5.4007887
ARI,13.0,"BOCHORIDIS, ELEFTHERIOS",P003240,7,28.333,2.3993604
ARI,4.0,"TOLIOPOULOS, VASSILIS",P004292,1,22.415,5.499932750000001
ARI,4.0,"TOLIOPOULOS, VASSILIS",P004292,2,24.098,-0.10012729999999959
ARI,4.0,"TOLIOPOULOS, VASSILIS",P004292,3,22.049,12.850022100000002
ARI,4.0,"TOLIOPOULOS, VASSILIS",P004292,4,29.682,7.700244600000001
ARI,4.0,"TOLIOPOULOS, VASSILIS",P004292,5,30.417,10.698815249999999
ARI,4.0,"TOLIOPOULOS, VASSILIS",P004292,6,27.5,6.600874999999999
ARI,4.0,"TOLIOPOULOS, VASSILIS",P004292,7,31.65,4.9499875
ARI,4.0,"TOLIOPOULOS, VASSILIS",P004292,8,30.0,9.099499999999999
ARI,72.0,"MANTZOUKAS, ELEFTHERIOS",P008084,1,28.865,3.250460249999999
ARI,72.0,"MANTZOUKAS, ELEFTHERIOS",P008084,2,30.282,0.6004984999999996
ARI,72.0,"MANTZOUKAS, ELEFTHERIOS",P008084,3,20.717,2.9004856999999995
ARI,7.0,"KAZAMIAS, VASILLIS",P012638,7,5.167,-0.79994435
ARI,7.0,"KAZAMIAS, VASILLIS",P012638,8,15.667,-6.5492014
ARI,16.0,"POURLIDAS, VASSILIS",P013049,2,0.067,0.10000085000000002
ARI,16.0,"POURLIDAS, VASSILIS",P013049,4,0.283,0.0
ARI,16.0,"POURLIDAS, VASSILIS",P013049,8,12.367,-0.6494709500000004
ARI,1.0,"BANKS, JAMES",P013248,1,17.068,2.1995379999999995
ARI,1.0,"BANKS, JAMES",P013248,2,12.066,0.9005535999999998
ARI,1.0,"BANKS, JAMES",P013248,3,13.133,5.95011125
ARI,1.0,"BANKS, JAMES",P013248,4,10.749,4.8496855
ARI,1.0,"BANKS, JAMES",P013248,5,5.333,2.6999010500000002
ARI,1.0,"BANKS, JAMES",P013248,6,10.416,0.8500191999999998
ARI,1.0,"BANKS, JAMES",P013248,7,6.784,-0.09984320000000002
ARI,1.0,"BANKS, JAMES",P013248,8,11.467,-0.3493512000000001
ARI,2.0,"NOLLEY, LANDERS",P013249,1,22.033,1.3998823500000004
ARI,2.0,"NOLLEY, LANDERS",P013249,2,26.264,4.348550799999999
ARI,2.0,"NOLLEY, LANDERS",P013249,3,16.716,-7.900409
ARI,2.0,"NOLLEY, LANDERS",P013249,4,22.483,4.900718450000001
ARI,2.0,"NOLLEY, LANDERS",P013249,5,26.017,5.6000972
ARI,2.0,"NOLLEY, LANDERS",P013249,6,25.834,5.998241300000001
ARI,5.0,"DE JULIUS, DAVID",P013250,1,21.267,2.1002896499999997
ARI,5.0,"DE JULIUS, DAVID",P013250,2,27.482,6.150339699999999
ARI,5.0,"DE JULIUS, DAVID",P013250,3,21.117,11.1991235
ARI,5.0,"DE JULIUS, DAVID",P013250,4,29.784,18.5994476
ARI,5.0,"DE JULIUS, DAVID",P013250,5,32.467,0.6507009999999998
ARI,5.0,"DE JULIUS, DAVID",P013250,6,25.151,6.500693700000001
ARI,22.0,"WOODBURY, TREY",P013251,1,17.165,4.10058225
ARI,22.0,"WOODBURY, TREY",P013251,2,19.266,0.3504166999999998
ARI,22.0,"WOODBURY, TREY",P013251,3,22.199,2.449190850000001
ARI,22.0,"WOODBURY, TREY",P013251,4,10.967,-0.1001378500000003
ARI,22.0,"WOODBURY, TREY",P013251,5,18.017,5.74964845
ARI,22.0,"WOODBURY, TREY",P013251,6,23.949,7.599672699999998
ARI,22.0,"WOODBURY, TREY",P013251,7,32.683,17.1000424
ARI,23.0,"ROBERTS, JOSHUA",P013252,1,14.516,-1.9999879999999999
ARI,23.0,"ROBERTS, JOSHUA",P013252,2,23.266,16.9501997
ARI,23.0,"ROBERTS, JOSHUA",P013252,3,7.85,0.29997750000000023
ARI,23.0,"ROBERTS, JOSHUA",P013252,4,13.299,5.50049535
ARI,23.0,"ROBERTS, JOSHUA",P013252,5,16.633,-1.80016555
ARI,23.0,"ROBERTS, JOSHUA",P013252,6,10.534,2.4997758999999995
ARI,23.0,"ROBERTS, JOSHUA",P013252,7,25.116,11.2508622
ARI,23.0,"ROBERTS, JOSHUA",P013252,8,24.95,0.45150999999999897
ARI,55.0,"HODGE, D' MOI",P013253,4,11.799,0.19943785000000003
ARI,55.0,"HODGE, D' MOI",P013253,5,24.233,0.7008438999999997
ARI,55.0,"HODGE, D' MOI",P013253,6,20.001,6.449870000000001
ARI,55.0,"HODGE, D' MOI",P013253,7,24.633,5.500584300000001
ARI,55.0,"HODGE, D' MOI",P013253,8,25.933,6.8995519
ARI,10.0,"CHATZIDAKIS, EMMANOUIL",P013355,1,5.099,-4.1502748
ARI,10.0,"CHATZIDAKIS, EMMANOUIL",P013355,2,4.25,-2.1000125
ARI,10.0,"CHATZIDAKIS, EMMANOUIL",P013355,3,19.017,6.099953749999999
ARI,10.0,"CHATZIDAKIS, EMMANOUIL",P013355,4,15.951,-5.70062225
ARI,10.0,"CHATZIDAKIS, EMMANOUIL",P013355,5,16.167,-0.6998112500000002
ARI,10.0,"CHATZIDAKIS, EMMANOUIL",P013355,6,19.05,4.5506775
ARI,10.0,"CHATZIDAKIS, EMMANOUIL",P013355,7,8.1,-4.89999
ARI,10.0,"CHATZIDAKIS, EMMANOUIL",P013355,8,24.016,-2.1017664000000007
ARI,12.0,"GKIOUZELIS, GEORGIOS",P013356,1,20.568,-8.5497952
ARI,12.0,"GKIOUZELIS, GEORGIOS",P013356,2,9.834,-0.8003342000000001
ARI,12.0,"GKIOUZELIS, GEORGIOS",P013356,3,19.283,-1.100489000000001
ARI,12.0,"GKIOUZELIS, GEORGIOS",P013356,4,25.799,-6.65086655
ARI,12.0,"GKIOUZELIS, GEORGIOS",P013356,5,4.533,-0.9998106000000002
ARI,12.0,"GKIOUZELIS, GEORGIOS",P013356,7,10.8,-2.3997400000000004
ARI,12.0,"GKIOUZELIS, GEORGIOS",P013356,8,21.183,-1.1495128000000006
ARI,14.0,"CLAY, DONOVAN LA'NELL",P013360,1,9.816,-2.1498868
ARI,14.0,"CLAY, DONOVAN LA'NELL",P013360,2,3.116,0.24988200000000005
ARI,14.0,"CLAY, DONOVAN LA'NELL",P013360,3,0.95,0.0
ARI,14.0,"CLAY, DONOVAN LA'NELL",P013360,4,10.833,-3.7000740999999997
ARI,14.0,"CLAY, DONOVAN LA'NELL",P013360,6,9.75,-5.9004625
ARI,3.0,"ALKINS, RAWLE",P013375,3,10.834,3.3506144000000004
ARI,11.0,"LASZEWSKI, NATHAN JAMES",P013393,5,4.3,1.8000550000000002
ARI,11.0,"LASZEWSKI, NATHAN JAMES",P013393,6,12.132,0.35068739999999976
ARI,11.0,"LASZEWSKI, NATHAN JAMES",P013393,7,18.35,-4.700605
ARI,11.0,"LASZEWSKI, NATHAN JAMES",P013393,8,12.067,2.4492913999999995
ARI,17.0,"VISSARIOU, TILEMACHOS",P013395,5,1.7,-0.6999600000000001
ARI,17.0,"VISSARIOU, TILEMACHOS",P013395,7,8.384,-1.8003584000000004
ARI,17.0,"VISSARIOU, TILEMACHOS",P013395,8,22.35,-2.100775
BAH,83.0,"BOUTEILLE, AXEL",P003840,1,34.502,12.500609100000002
BAH,83.0,"BOUTEILLE, AXEL",P003840,2,26.251,4.998893649999999
BAH,83.0,"BOUTEILLE, AXEL",P003840,3,18.517,3.9001763
BAH,83.0,"BOUTEILLE, AXEL",P003840,4,22.651,9.80004245
BAH,83.0,"BOUTEILLE, AXEL",P003840,5,36.567,27.9497851
BAH,83.0,"BOUTEILLE, AXEL",P003840,6,27.95,6.999709999999999
BAH,83.0,"BOUTEILLE, AXEL",P003840,7,26.117,4.5006675000000005
BAH,83.0,"BOUTEILLE, AXEL",P003840,8,28.016,1.9509727999999997
BAH,20.0,"PONITKA, MATEUSZ",P004172,1,18.784,-0.049803199999999936
BAH,20.0,"PONITKA, MATEUSZ",P004172,2,19.718,8.550159700000002
BAH,20.0,"PONITKA, MATEUSZ",P004172,3,22.751,-1.6004284500000001
BAH,20.0,"PONITKA, MATEUSZ",P004172,4,14.983,8.84954475
BAH,20.0,"PONITKA, MATEUSZ",P004172,6,24.367,12.54865925
BAH,20.0,"PONITKA, MATEUSZ",P004172,7,21.018,9.5995935
BAH,20.0,"PONITKA, MATEUSZ",P004172,8,27.032,18.9496964
BAH,18.0,"ARNA, EGEHAN",P005348,6,9.6,3.9996000000000005
BAH,18.0,"ARNA, EGEHAN",P005348,7,4.167,-0.5
BAH,18.0,"ARNA, EGEHAN",P005348,8,7.65,-0.3003450000000003
BAH,57.0,"BAS, GOKTUG",P008278,1,0.117,-0.7999997000000001
BAH,57.0,"BAS, GOKTUG",P008278,4,3.7,-0.10008499999999998
BAH,57.0,"BAS, GOKTUG",P008278,6,0.483,0.0
BAH,10.0,"ILYASOGLU, OMERCAN",P008282,4,7.466,2.2504842999999997
BAH,10.0,"ILYASOGLU, OMERCAN",P008282,5,6.416,-4.550464
BAH,10.0,"ILYASOGLU, OMERCAN",P008282,6,0.483,0.0
BAH,34.0,"CAVANAUGH, TYLER",P009601,1,22.701,7.351523750000001
BAH,34.0,"CAVANAUGH, TYLER",P009601,2,25.318,12.799908499999997
BAH,34.0,"CAVANAUGH, TYLER",P009601,3,17.817,-1.3498625500000008
BAH,34.0,"CAVANAUGH, TYLER",P009601,4,22.383,6.451051349999999
BAH,34.0,"CAVANAUGH, TYLER",P009601,5,17.683,5.099902950000001
BAH,34.0,"CAVANAUGH, TYLER",P009601,6,26.133,11.0499658
BAH,34.0,"CAVANAUGH, TYLER",P009601,7,32.501,13.250890800000002
BAH,34.0,"CAVANAUGH, TYLER",P009601,8,25.333,4.801095600000001
BAH,0.0,"SMITH, JALEEN",P011192,1,22.351,3.2494201
BAH,0.0,"SMITH, JALEEN",P011192,2,26.485,9.351232249999999
BAH,0.0,"SMITH, JALEEN",P011192,3,34.101,8.09962115
BAH,0.0,"SMITH, JALEEN",P011192,4,24.6,12.74946
BAH,0.0,"SMITH, JALEEN",P011192,5,19.3,11.89949
BAH,0.0,"SMITH, JALEEN",P011192,6,28.284,6.249694399999999
BAH,0.0,"SMITH, JALEEN",P011192,7,36.967,5.098846899999998
BAH,0.0,"SMITH, JALEEN",P011192,8,27.349,1.24935345
BAH,2.0,"HAZER, SEHMUS",P011201,1,14.784,5.8005792
BAH,2.0,"HAZER, SEHMUS",P011201,2,20.934,9.251045300000001
BAH,2.0,"HAZER, SEHMUS",P011201,3,23.333,5.399859049999999
BAH,2.0,"HAZER, SEHMUS",P011201,4,21.717,14.451085849999998
BAH,2.0,"HAZER, SEHMUS",P011201,5,26.333,10.4488555
BAH,2.0,"HAZER, SEHMUS",P011201,6,28.833,2.24937915
BAH,2.0,"HAZER, SEHMUS",P011201,7,32.084,12.95097
BAH,2.0,"HAZER, SEHMUS",P011201,8,30.966,17.3489569
BAH,5.0,"MASSINBURG, CJ",P011821,1,29.585,7.500649750000001
BAH,5.0,"MASSINBURG, CJ",P011821,2,26.618,1.0487181000000003
BAH,5.0,"MASSINBURG, CJ",P011821,3,21.484,3.9995414000000005
BAH,5.0,"MASSINBURG, CJ",P011821,4,25.683,19.049892699999997
BAH,5.0,"MASSINBURG, CJ",P011821,5,32.867,8.1520314
BAH,21.0,"ODIASE, TAI",P011823,1,25.951,12.6001934
BAH,21.0,"ODIASE, TAI",P011823,2,21.368,9.1499888
BAH,21.0,"ODIASE, TAI",P011823,3,23.485,1.1493402499999998
BAH,21.0,"ODIASE, TAI",P011823,4,19.801,22.4490149
BAH,21.0,"ODIASE, TAI",P011823,5,33.867,5.800707750000001
BAH,21.0,"ODIASE, TAI",P011823,6,29.75,6.250049999999999
BAH,21.0,"ODIASE, TAI",P011823,7,28.001,11.6487321
BAH,21.0,"ODIASE, TAI",P011823,8,29.85,11.6000675
BAH,7.0,"HALTALI, FURKAN",P012405,1,12.467,-6.249780100000001
BAH,7.0,"HALTALI, FURKAN",P012405,2,11.733,0.3501183499999998
BAH,7.0,"HALTALI, FURKAN",P012405,3,10.467,-2.6495168
BAH,7.0,"HALTALI, FURKAN",P012405,4,16.649,7.999713100000001
BAH,7.0,"HALTALI, FURKAN",P012405,5,3.733,-4.74992435
BAH,7.0,"HALTALI, FURKAN",P012405,6,3.367,-3.79999995
BAH,7.0,"HALTALI, FURKAN",P012405,7,0.8,-2.75
BAH,19.0,"SIMONOVIC, MARKO",P012711,1,18.768,11.250868800000001
BAH,19.0,"SIMONOVIC, MARKO",P012711,2,21.585,12.900598750000002
BAH,19.0,"SIMONOVIC, MARKO",P012711,3,28.05,12.701319999999999
BAH,19.0,"SIMONOVIC, MARKO",P012711,4,17.084,6.551054799999999
BAH,19.0,"SIMONOVIC, MARKO",P012711,5,23.234,11.7995526
BAH,19.0,"SIMONOVIC, MARKO",P012711,6,20.75,3.7002874999999995
BAH,19.0,"SIMONOVIC, MARKO",P012711,7,18.35,8.8003275
BAH,19.0,"SIMONOVIC, MARKO",P012711,8,23.799,3.94945095
BAH,17.0,"MUTAF, MAXIM",PLQV,4,3.283,1.3498027499999998
BES,6.0,"UGURLU, BERK",P003783,1,17.217,7.651131199999998
BES,6.0,"UGURLU, BERK",P003783,2,21.467,1.7010627499999993
BES,6.0,"UGURLU, BERK",P003783,3,11.65,-0.6503300000000007
BES,6.0,"UGURLU, BERK",P003783,4,15.651,0.2502339
BES,6.0,"UGURLU, BERK",P003783,5,15.634,6.1006377
BES,6.0,"UGURLU, BERK",P003783,6,26.166,8.4498387
BES,6.0,"UGURLU, BERK",P003783,7,16.9,1.20121
BES,6.0,"UGURLU, BERK",P003783,8,25.817,5.70073475
BES,7.0,"ARSLAN, YIGIT",P007914,1,17.166,5.100938800000001
BES,7.0,"ARSLAN, YIGIT",P007914,2,19.4,1.5005699999999997
BES,7.0,"ARSLAN, YIGIT",P007914,3,27.2,1.451200000000001
BES,7.0,"ARSLAN, YIGIT",P007914,4,17.665,1.2503622499999993
BES,7.0,"ARSLAN, YIGIT",P007914,5,15.217,5.7495002500000005
BES,7.0,"ARSLAN, YIGIT",P007914,6,12.999,3.6506076500000004
BES,7.0,"ARSLAN, YIGIT",P007914,7,24.766,15.8496193
BES,5.0,"NEEDHAM, DEREK",P008945,1,23.383,14.700206600000001
BES,5.0,"NEEDHAM, DEREK",P008945,2,22.017,-1.9496021499999991
BES,5.0,"NEEDHAM, DEREK",P008945,3,25.516,3.250537399999999
BES,5.0,"NEEDHAM, DEREK",P008945,4,21.751,8.5501638
BES,5.0,"NEEDHAM, DEREK",P008945,5,28.118,-2.399828400000001
BES,5.0,"NEEDHAM, DEREK",P008945,6,32.966,4.2018081
BES,5.0,"NEEDHAM, DEREK",P008945,7,20.433,5.400704599999999
BES,5.0,"NEEDHAM, DEREK",P008945,8,28.267,12.049436
BES,9.0,"MORGAN, CONOR",P009680,1,17.984,8.750112
BES,9.0,"MORGAN, CONOR",P009680,2,19.2,6.550639999999999
BES,9.0,"MORGAN, CONOR",P009680,3,16.45,-1.3002275
BES,9.0,"MORGAN, CONOR",P009680,4,18.383,11.100491650000002
BES,9.0,"MORGAN, CONOR",P009680,5,16.35,9.1
BES,9.0,"MORGAN, CONOR",P009680,6,27.816,6.600319600000001
BES,9.0,"MORGAN, CONOR",P009680,7,19.466,13.6500329
BES,9.0,"MORGAN, CONOR",P009680,8,25.084,1.3005474000000001
BES,33.0,"TERRY, EMANUEL",P010652,1,25.301,11.4994065
BES,33.0,"TERRY, EMANUEL",P010652,2,22.484,3.8513309999999983
BES,33.0,"TERRY, EMANUEL",P010652,3,14.501,7.4994879
BES,33.0,"TERRY, EMANUEL",P010652,4,16.883,10.199872899999999
BES,33.0,"TERRY, EMANUEL",P010652,5,24.851,5.4009792
BES,33.0,"TERRY, EMANUEL",P010652,6,23.649,-5.1002231500000015
BES,33.0,"TERRY, EMANUEL",P010652,7,25.366,13.399115599999998
BES,33.0,"TERRY, EMANUEL",P010652,8,23.9,5.949925
BES,20.0,"KONAN, KEREM",P011379,1,13.216,4.349544
BES,20.0,"KONAN, KEREM",P011379,2,13.216,-5.9006784
BES,20.0,"KONAN, KEREM",P011379,3,20.016,2.348721600000001
BES,20.0,"KONAN, KEREM",P011379,4,21.099,3.500081350000001
BES,20.0,"KONAN, KEREM",P011379,5,2.8,-0.4501
BES,20.0,"KONAN, KEREM",P011379,6,9.533,-1.80001755
BES,20.0,"KONAN, KEREM",P011379,7,10.483,2.34949075
BES,20.0,"KONAN, KEREM",P011379,8,12.067,4.4499579
BES,0.0,"ALLMAN, KYLE",P011924,1,20.033,4.9991983
BES,0.0,"ALLMAN, KYLE",P011924,2,15.733,-7.10060565
BES,0.0,"ALLMAN, KYLE",P011924,3,28.5,1.0481750000000005
BES,0.0,"ALLMAN, KYLE",P011924,4,21.949,17.2493442
BES,0.0,"ALLMAN, KYLE",P011924,5,24.367,10.05066055
BES,0.0,"ALLMAN, KYLE",P011924,6,29.215,-0.04877549999999964
BES,0.0,"ALLMAN, KYLE",P011924,7,25.149,0.09946249999999868
BES,0.0,"ALLMAN, KYLE",P011924,8,15.135,-2.4990609999999993
BES,14.0,"SLEVA, DUSTIN",P011927,1,23.399,9.5993855
BES,14.0,"SLEVA, DUSTIN",P011927,2,19.233,0.04980859999999998
BES,14.0,"SLEVA, DUSTIN",P011927,3,28.1,14.598405
BES,14.0,"SLEVA, DUSTIN",P011927,4,23.633,18.900903449999998
BES,14.0,"SLEVA, DUSTIN",P011927,5,22.734,5.550633500000001
BES,14.0,"SLEVA, DUSTIN",P011927,6,19.0,4.049050000000001
BES,14.0,"SLEVA, DUSTIN",P011927,7,19.15,7.7506474999999995
BES,14.0,"SLEVA, DUSTIN",P011927,8,11.534,-5.6499978
BES,2.0,"MATHEWS, JONAH",P011936,1,19.417,-0.6999705999999999
BES,2.0,"MATHEWS, JONAH",P011936,2,19.7,-0.0008249999999989654
BES,2.0,"MATHEWS, JONAH",P011936,4,21.166,10.849887800000001
BES,2.0,"MATHEWS, JONAH",P011936,5,25.867,2.7488041
BES,2.0,"MATHEWS, JONAH",P011936,7,24.066,6.200115399999999
BES,2.0,"MATHEWS, JONAH",P011936,8,31.568,8.350022399999999
BES,10.0,"AKSU, YAGIZ",P012233,4,2.399,-0.8000715500000002
BES,22.0,"OZBEK, ATA",P012624,4,1.616,-0.19998000000000002
BES,30.0,"MARTIN, KELAN",P013255,1,22.884,2.9006279999999993
BES,30.0,"MARTIN, KELAN",P013255,2,27.55,6.499034999999999
BES,30.0,"MARTIN, KELAN",P013255,3,28.067,-2.4007698499999996
BES,30.0,"MARTIN, KELAN",P013255,4,17.8,5.948839999999999
BES,30.0,"MARTIN, KELAN",P013255,5,24.067,6.699666450000001
BES,30.0,"MARTIN, KELAN",P013255,6,18.651,-0.05029444999999999
BES,30.0,"MARTIN, KELAN",P013255,7,14.216,6.150477200000001
BES,30.0,"MARTIN, KELAN",P013255,8,26.633,6.0515721
BOU,3.0,"SALASH, MAKSIM",P004525,1,21.45,9.400537500000002
BOU,3.0,"SALASH, MAKSIM",P004525,2,20.349,10.05042645
BOU,3.0,"SALASH, MAKSIM",P004525,3,22.017,4.199364099999999
BOU,3.0,"SALASH, MAKSIM",P004525,4,24.3,8.099370000000002
BOU,3.0,"SALASH, MAKSIM",P004525,5,24.602,3.449785199999998
BOU,3.0,"SALASH, MAKSIM",P004525,6,20.533,3.2504130999999994
BOU,3.0,"SALASH, MAKSIM",P004525,7,23.285,3.2984660000000003
BOU,3.0,"SALASH, MAKSIM",P004525,8,24.466,-1.399804
BOU,33.0,"PAUL, BRANDON",P004945,1,13.867,2.0999529000000003
BOU,33.0,"PAUL, BRANDON",P004945,2,5.35,-1.9000249999999999
BOU,33.0,"PAUL, BRANDON",P004945,3,7.183,3.95
BOU,33.0,"PAUL, BRANDON",P004945,4,5.216,-1.5500672
BOU,33.0,"PAUL, BRANDON",P004945,5,17.283,0.5499125999999999
BOU,33.0,"PAUL, BRANDON",P004945,7,12.517,6.749809849999998
BOU,33.0,"PAUL, BRANDON",P004945,8,28.134,8.6009353
BOU,11.0,"AYAYI, JOEL",P006904,1,19.684,11.100546799999998
BOU,11.0,"AYAYI, JOEL",P006904,2,19.316,0.3507939999999996
BOU,11.0,"AYAYI, JOEL",P006904,3,15.7,8.349955
BOU,11.0,"AYAYI, JOEL",P006904,4,15.716,-3.4500322000000003
BOU,11.0,"AYAYI, JOEL",P006904,5,15.818,7.7499558
BOU,11.0,"AYAYI, JOEL",P006904,6,29.45,10.999217499999999
BOU,11.0,"AYAYI, JOEL",P006904,7,19.283,8.9488591
BOU,11.0,"AYAYI, JOEL",P006904,8,19.316,1.7492427999999993
BOU,27.0,"PANSA, JEAN-MARC",P009552,1,19.166,7.950765699999999
BOU,27.0,"PANSA, JEAN-MARC",P009552,2,16.749,5.750181150000001
BOU,27.0,"PANSA, JEAN-MARC",P009552,3,19.834,10.2502047
BOU,27.0,"PANSA, JEAN-MARC",P009552,4,15.967,4.699757249999999
BOU,27.0,"PANSA, JEAN-MARC",P009552,5,16.168,0.14892200000000066
BOU,27.0,"PANSA, JEAN-MARC",P009552,6,16.201,2.8502336
BOU,27.0,"PANSA, JEAN-MARC",P009552,7,22.933,12.449306900000003
BOU,27.0,"PANSA, JEAN-MARC",P009552,8,11.317,2.300447749999999
BOU,10.0,"NGOUAMA, MEHDY",P009556,1,14.85,3.1993775
BOU,10.0,"NGOUAMA, MEHDY",P009556,2,9.816,10.850306
BOU,10.0,"NGOUAMA, MEHDY",P009556,3,14.267,1.6496796500000004
BOU,10.0,"NGOUAMA, MEHDY",P009556,4,11.267,11.599596299999998
BOU,10.0,"NGOUAMA, MEHDY",P009556,5,12.802,4.0498125
BOU,10.0,"NGOUAMA, MEHDY",P009556,6,18.849,10.149318699999998
BOU,5.0,"BENITEZ, HUGO",P010449,1,20.316,9.199435800000002
BOU,5.0,"BENITEZ, HUGO",P010449,2,20.683,9.70069855
BOU,5.0,"BENITEZ, HUGO",P010449,3,24.301,9.3513601
BOU,5.0,"BENITEZ, HUGO",P010449,4,22.717,1.04981335
BOU,5.0,"BENITEZ, HUGO",P010449,5,15.834,-1.3003943999999998
BOU,5.0,"BENITEZ, HUGO",P010449,7,18.717,-1.9996237499999996
BOU,5.0,"BENITEZ, HUGO",P010449,8,32.55,5.601407500000001
BOU,7.0,"COURBY, MAXIME",P010450,2,17.35,4.999302499999999
BOU,7.0,"COURBY, MAXIME",P010450,3,17.717,6.448912050000001
BOU,7.0,"COURBY, MAXIME",P010450,4,21.5,4.34975
BOU,7.0,"COURBY, MAXIME",P010450,5,7.717,-0.05009565000000005
BOU,7.0,"COURBY, MAXIME",P010450,6,17.1,4.850155
BOU,7.0,"COURBY, MAXIME",P010450,7,14.766,3.1002625000000004
BOU,7.0,"COURBY, MAXIME",P010450,8,13.251,-1.4000582500000003
BOU,34.0,"KOKILA, KEVIN",P011837,1,18.151,7.4998799
BOU,34.0,"KOKILA, KEVIN",P011837,2,22.067,7.7000313
BOU,34.0,"KOKILA, KEVIN",P011837,3,17.684,9.850854
BOU,34.0,"KOKILA, KEVIN",P011837,4,21.55,4.598627499999999
BOU,34.0,"KOKILA, KEVIN",P011837,5,16.417,5.150193849999999
BOU,34.0,"KOKILA, KEVIN",P011837,6,22.498,1.2507444000000003
BOU,34.0,"KOKILA, KEVIN",P011837,7,14.467,-1.1494282500000006
BOU,34.0,"KOKILA, KEVIN",P011837,8,23.367,9.650421249999999
BOU,4.0,"NELSON, ADRIAN",P013264,1,21.233,16.39899465
BOU,4.0,"NELSON, ADRIAN",P013264,2,20.833,12.550031200000001
BOU,4.0,"NELSON, ADRIAN",P013264,3,18.784,8.900024
BOU,4.0,"NELSON, ADRIAN",P013264,4,18.033,6.100146799999999
BOU,4.0,"NELSON, ADRIAN",P013264,5,20.15,5.9006725000000015
BOU,4.0,"NELSON, ADRIAN",P013264,6,20.716,14.4491062
BOU,4.0,"NELSON, ADRIAN",P013264,7,18.7,6.60017
BOU,4.0,"NELSON, ADRIAN",P013264,8,18.434,2.2989447999999992
BOU,8.0,"USHER, JORDAN",P013265,1,26.133,5.700560749999999
BOU,8.0,"USHER, JORDAN",P013265,2,22.949,0.3006265499999996
BOU,8.0,"USHER, JORDAN",P013265,3,23.967,3.60094595
BOU,8.0,"USHER, JORDAN",P013265,4,18.733,2.8000307000000006
BOU,8.0,"USHER, JORDAN",P013265,5,25.468,0.9004356000000007
BOU,8.0,"USHER, JORDAN",P013265,6,22.949,4.650393849999998
BOU,8.0,"USHER, JORDAN",P013265,7,25.069,12.5502067
BOU,8.0,"USHER, JORDAN",P013265,8,29.165,9.80081925
BOU,13.0,"CASTANEDA, XAVIER",P013266,1,25.15,4.0505175
BOU,13.0,"CASTANEDA, XAVIER",P013266,2,24.533,13.999738600000002
BOU,13.0,"CASTANEDA, XAVIER",P013266,3,18.551,4.74945005
BOU,13.0,"CASTANEDA, XAVIER",P013266,4,25.001,0.5499239999999999
BOU,13.0,"CASTANEDA, XAVIER",P013266,5,27.751,14.650116899999997
BOU,13.0,"CASTANEDA, XAVIER",P013266,6,31.699,-0.35170244999999944
BOU,13.0,"CASTANEDA, XAVIER",P013266,7,30.268,8.1007302
BUD,24.0,"OMIC, ALEN",P004222,3,11.751,2.6002330000000002
BUD,24.0,"OMIC, ALEN",P004222,4,11.999,6.849512549999999
BUD,24.0,"OMIC, ALEN",P004222,5,11.466,-0.050080299999999855
BUD,24.0,"OMIC, ALEN",P004222,6,14.732,-3.2999941999999995
BUD,24.0,"OMIC, ALEN",P004222,7,11.434,1.4996920999999999
BUD,24.0,"OMIC, ALEN",P004222,8,18.501,-0.3992905000000002
BUD,10.0,"TANASKOVIC, NIKOLA",P005637,1,18.267,7.150979799999998
BUD,10.0,"TANASKOVIC, NIKOLA",P005637,2,8.983,-3.19984065
BUD,10.0,"TANASKOVIC, NIKOLA",P005637,3,25.349,13.650367599999997
BUD,10.0,"TANASKOVIC, NIKOLA",P005637,4,25.649,6.300489399999999
BUD,10.0,"TANASKOVIC, NIKOLA",P005637,5,19.15,-2.9003350000000006
BUD,10.0,"TANASKOVIC, NIKOLA",P005637,6,22.616,-1.050688399999999
BUD,10.0,"TANASKOVIC, NIKOLA",P005637,7,30.55,3.899174999999998
BUD,10.0,"TANASKOVIC, NIKOLA",P005637,8,17.817,1.8501624999999997
BUD,2.0,"ILIC, ALEKSA",P006561,1,7.584,-2.4496816
BUD,2.0,"ILIC, ALEKSA",P006561,3,14.801,4.25037895
BUD,2.0,"ILIC, ALEKSA",P006561,4,3.817,-2.3000162
BUD,2.0,"ILIC, ALEKSA",P006561,5,15.015,3.7504524999999997
BUD,2.0,"ILIC, ALEKSA",P006561,6,21.582,3.4504787000000006
BUD,2.0,"ILIC, ALEKSA",P006561,7,14.451,5.650418349999999
BUD,2.0,"ILIC, ALEKSA",P006561,8,9.151,0.7001511000000002
BUD,7.0,"SLAVKOVIC, ANDRIJA",P006566,1,15.7,0.700475
BUD,7.0,"SLAVKOVIC, ANDRIJA",P006566,2,20.3,8.400185
BUD,7.0,"SLAVKOVIC, ANDRIJA",P006566,3,15.733,3.6500723999999996
BUD,7.0,"SLAVKOVIC, ANDRIJA",P006566,4,8.566,-0.6000805
BUD,7.0,"SLAVKOVIC, ANDRIJA",P006566,5,24.732,-3.799455599999999
BUD,7.0,"SLAVKOVIC, ANDRIJA",P006566,6,16.666,-0.19993799999999995
BUD,7.0,"SLAVKOVIC, ANDRIJA",P006566,7,4.267,3.89989265
BUD,7.0,"SLAVKOVIC, ANDRIJA",P006566,8,20.851,1.1485159999999999
BUD,34.0,"KAMENJAS, KENAN",P008325,1,30.466,6.5005308
BUD,34.0,"KAMENJAS, KENAN",P008325,2,34.516,14.4519574
BUD,34.0,"KAMENJAS, KENAN",P008325,3,20.733,4.749265499999999
BUD,34.0,"KAMENJAS, KENAN",P008325,4,24.149,13.799749900000002
BUD,34.0,"KAMENJAS, KENAN",P008325,5,28.532,1.2510332000000002
BUD,34.0,"KAMENJAS, KENAN",P008325,6,20.683,4.949689599999999
BUD,34.0,"KAMENJAS, KENAN",P008325,7,33.567,10.798961900000002
BUD,34.0,"KAMENJAS, KENAN",P008325,8,11.066,3.0495617999999993
BUD,13.0,"JOVANOVIC, DORDIJE",P010307,1,3.316,-1.2000075999999997
BUD,13.0,"JOVANOVIC, DORDIJE",P010307,3,7.2,0.7001200000000003
BUD,13.0,"JOVANOVIC, DORDIJE",P010307,6,16.115,3.3002155
BUD,13.0,"JOVANOVIC, DORDIJE",P010307,7,9.234,-0.6999371999999997
BUD,13.0,"JOVANOVIC, DORDIJE",P010307,8,11.45,-0.8499599999999998
BUD,1.0,"SULAIMON, RASHEED",P011150,1,30.033,13.09948885
BUD,1.0,"SULAIMON, RASHEED",P011150,2,36.299,9.1988913
BUD,1.0,"SULAIMON, RASHEED",P011150,3,25.916,3.3500445999999995
BUD,1.0,"SULAIMON, RASHEED",P011150,4,31.449,10.849167699999999
BUD,1.0,"SULAIMON, RASHEED",P011150,5,31.716,-1.2499328000000016
BUD,1.0,"SULAIMON, RASHEED",P011150,6,28.866,0.20040930000000046
BUD,1.0,"SULAIMON, RASHEED",P011150,7,37.617,4.848487200000001
BUD,1.0,"SULAIMON, RASHEED",P011150,8,27.834,4.900102000000002
BUD,11.0,"FERRELL, YOGI",P011281,1,20.466,-3.1995128999999993
BUD,11.0,"FERRELL, YOGI",P011281,2,35.649,9.6508223
BUD,11.0,"FERRELL, YOGI",P011281,3,26.134,14.6994881
BUD,11.0,"FERRELL, YOGI",P011281,4,21.749,-1.4499567500000001
BUD,11.0,"FERRELL, YOGI",P011281,5,29.482,2.6511661999999996
BUD,11.0,"FERRELL, YOGI",P011281,6,22.832,5.7016664
BUD,11.0,"FERRELL, YOGI",P011281,7,26.734,11.1503339
BUD,11.0,"FERRELL, YOGI",P011281,8,22.55,6.350637499999999
BUD,25.0,"WRIGHT IV, MCKINLEY",P012606,1,19.534,7.450918600000001
BUD,25.0,"WRIGHT IV, MCKINLEY",P012606,2,9.617,-3.1003696
BUD,25.0,"WRIGHT IV, MCKINLEY",P012606,3,18.2,6.00052
BUD,25.0,"WRIGHT IV, MCKINLEY",P012606,4,22.898,1.6995383999999998
BUD,25.0,"WRIGHT IV, MCKINLEY",P012606,5,22.465,-0.3510780000000011
BUD,25.0,"WRIGHT IV, MCKINLEY",P012606,6,20.016,5.0000416
BUD,25.0,"WRIGHT IV, MCKINLEY",P012606,7,25.434,10.2514526
BUD,25.0,"WRIGHT IV, MCKINLEY",P012606,8,22.184,6.749184
BUD,3.0,"MAGEE, FLETCHER",P012630,1,22.151,-3.650979750000001
BUD,3.0,"MAGEE, FLETCHER",P012630,2,17.149,3.9001049500000002
BUD,3.0,"MAGEE, FLETCHER",P012630,3,13.05,7.8506125
BUD,3.0,"MAGEE, FLETCHER",P012630,4,18.632,7.599229599999999
BUD,3.0,"MAGEE, FLETCHER",P012630,5,11.649,16.5492886
BUD,3.0,"MAGEE, FLETCHER",P012630,6,10.466,-2.4494299
BUD,3.0,"MAGEE, FLETCHER",P012630,7,31.717,7.198610499999999
BUD,3.0,"MAGEE, FLETCHER",P012630,8,16.417,3.3502657
BUD,0.0,"MORGAN, JUWAN",P013256,1,21.733,7.949561949999999
BUD,0.0,"MORGAN, JUWAN",P013256,2,35.716,14.899908800000002
BUD,0.0,"MORGAN, JUWAN",P013256,4,14.016,3.4497728
BUD,0.0,"MORGAN, JUWAN",P013256,8,22.184,1.849682399999999
BUD,23.0,"DREZNJAK, MATEO",P013258,1,8.85,-1.4501000000000002
BUD,23.0,"DREZNJAK, MATEO",P013258,2,16.283,0.40098084999999983
BUD,23.0,"DREZNJAK, MATEO",P013258,3,14.0,-2.3001999999999994
BUD,23.0,"DREZNJAK, MATEO",P013258,4,17.066,6.799785399999999
BUD,23.0,"DREZNJAK, MATEO",P013258,5,5.783,-2.69977515
BUD,23.0,"DREZNJAK, MATEO",P013258,6,5.416,-1.8998968
BUD,27.0,"AZUBUIKE, UDOKA",P013259,1,1.9,0.6499050000000002
BUD,27.0,"AZUBUIKE, UDOKA",P013259,2,10.483,-3.3000288500000003
BUD,27.0,"AZUBUIKE, UDOKA",P013259,3,7.133,2.7996433499999993
CAN,6.0,"ALBICY, ANDREW",P003425,1,26.2,5.00051
CAN,6.0,"ALBICY, ANDREW",P003425,2,23.549,3.7011537500000005
CAN,6.0,"ALBICY, ANDREW",P003425,3,23.966,6.951274999999999
CAN,6.0,"ALBICY, ANDREW",P003425,4,29.367,-1.64938245
CAN,6.0,"ALBICY, ANDREW",P003425,5,10.7,3.5996850000000005
CAN,6.0,"ALBICY, ANDREW",P003425,6,30.884,16.2015404
CAN,6.0,"ALBICY, ANDREW",P003425,7,21.716,11.749530799999999
CAN,6.0,"ALBICY, ANDREW",P003425,8,25.316,2.1000215999999994
CAN,10.0,"SALVO, MIQUEL",P005005,1,4.783,0.7499196999999999
CAN,10.0,"SALVO, MIQUEL",P005005,2,9.117,11.000118150000002
CAN,10.0,"SALVO, MIQUEL",P005005,3,5.067,-1.1999328
CAN,10.0,"SALVO, MIQUEL",P005005,4,14.117,2.1509036999999993
CAN,10.0,"SALVO, MIQUEL",P005005,5,24.102,26.5987716
CAN,10.0,"SALVO, MIQUEL",P005005,6,12.0,-0.5497999999999998
CAN,10.0,"SALVO, MIQUEL",P005005,7,12.566,0.3994559
CAN,10.0,"SALVO, MIQUEL",P005005,8,8.05,-1.7003450000000004
CAN,14.0,"SHURNA, JOHN",P006588,1,22.417,7.900547049999999
CAN,14.0,"SHURNA, JOHN",P006588,2,22.65,0.10057250000000106
CAN,14.0,"SHURNA, JOHN",P006588,3,24.016,4.1495344
CAN,14.0,"SHURNA, JOHN",P006588,4,26.467,-0.6513056500000003
CAN,14.0,"SHURNA, JOHN",P006588,5,15.635,13.050192
CAN,14.0,"SHURNA, JOHN",P006588,6,35.767,9.398393549999998
CAN,14.0,"SHURNA, JOHN",P006588,7,25.383,7.2511564
CAN,14.0,"SHURNA, JOHN",P006588,8,31.333,12.748856749999998
CAN,3.0,"KLJAJIC, JOVAN",P007560,1,7.167,-2.4504725
CAN,3.0,"KLJAJIC, JOVAN",P007560,2,0.3,0.0
CAN,3.0,"KLJAJIC, JOVAN",P007560,3,3.6,-2.1501600000000005
CAN,3.0,"KLJAJIC, JOVAN",P007560,5,17.0,10.899700000000001
CAN,3.0,"KLJAJIC, JOVAN",P007560,8,0.217,0.0499968
CAN,9.0,"BRUSSINO, NICOLAS",P008121,1,28.049,4.449067750000001
CAN,9.0,"BRUSSINO, NICOLAS",P008121,2,35.883,10.099186249999999
CAN,9.0,"BRUSSINO, NICOLAS",P008121,3,29.432,10.6005084
CAN,9.0,"BRUSSINO, NICOLAS",P008121,4,25.883,7.301575850000001
CAN,9.0,"BRUSSINO, NICOLAS",P008121,5,15.9,8.99992
CAN,9.0,"BRUSSINO, NICOLAS",P008121,6,35.501,5.249220050000002
CAN,9.0,"BRUSSINO, NICOLAS",P008121,7,26.549,3.15086215
CAN,9.0,"BRUSSINO, NICOLAS",P008121,8,28.733,3.450443049999998
CAN,18.0,"TOBEY, MIKE",P008966,1,24.433,16.898761999999998
CAN,18.0,"TOBEY, MIKE",P008966,2,25.233,-0.79990855
CAN,18.0,"TOBEY, MIKE",P008966,3,20.116,8.099710000000002
CAN,18.0,"TOBEY, MIKE",P008966,4,16.933,2.8003080000000002
CAN,18.0,"TOBEY, MIKE",P008966,5,14.283,7.650923150000001
CAN,18.0,"TOBEY, MIKE",P008966,6,23.4,12.3002
CAN,18.0,"TOBEY, MIKE",P008966,7,25.249,12.799584549999999
CAN,18.0,"TOBEY, MIKE",P008966,8,16.083,4.499080050000001
CAN,13.0,"PELOS, PIERRE",P010452,1,17.582,6.150274399999999
CAN,13.0,"PELOS, PIERRE",P010452,2,21.85,4.200325
CAN,13.0,"PELOS, PIERRE",P010452,3,19.4,6.94957
CAN,13.0,"PELOS, PIERRE",P010452,4,16.633,-3.0494348999999996
CAN,13.0,"PELOS, PIERRE",P010452,5,14.618,8.400390900000001
CAN,13.0,"PELOS, PIERRE",P010452,6,6.834,-2.1001559
CAN,13.0,"PELOS, PIERRE",P010452,7,14.615,2.4992900000000002
CAN,13.0,"PELOS, PIERRE",P010452,8,9.149,0.9995639999999999
CAN,12.0,"ALOCEN, CARLOS",P010623,1,13.799,7.249963199999998
CAN,12.0,"ALOCEN, CARLOS",P010623,2,22.734,0.7004558999999997
CAN,12.0,"ALOCEN, CARLOS",P010623,3,16.216,-5.850782799999999
CAN,12.0,"ALOCEN, CARLOS",P010623,4,10.633,1.6501157500000003
CAN,12.0,"ALOCEN, CARLOS",P010623,5,19.719,14.7993841
CAN,12.0,"ALOCEN, CARLOS",P010623,6,13.9,-0.49971500000000013
CAN,12.0,"ALOCEN, CARLOS",P010623,7,18.282,1.9005002000000002
CAN,12.0,"ALOCEN, CARLOS",P010623,8,14.683,-0.6999363499999998
CAN,5.0,"HOMESLEY, CALEB",P011251,1,18.049,4.85072935
CAN,5.0,"HOMESLEY, CALEB",P011251,2,26.917,15.498708949999997
CAN,5.0,"HOMESLEY, CALEB",P011251,3,24.899,5.949868200000001
CAN,5.0,"HOMESLEY, CALEB",P011251,4,24.416,3.4495375999999993
CAN,5.0,"HOMESLEY, CALEB",P011251,5,11.435,8.799686
CAN,5.0,"HOMESLEY, CALEB",P011251,6,27.418,3.8501259999999995
CAN,5.0,"HOMESLEY, CALEB",P011251,7,18.982,-4.3004427
CAN,5.0,"HOMESLEY, CALEB",P011251,8,29.05,4.201202500000001
CAN,4.0,"CONDITT IV, GEORGE",P012016,1,15.566,-2.2002079000000005
CAN,4.0,"CONDITT IV, GEORGE",P012016,2,19.767,6.34929785
CAN,4.0,"CONDITT IV, GEORGE",P012016,3,16.1,-7.7491699999999994
CAN,4.0,"CONDITT IV, GEORGE",P012016,4,19.967,-2.2496125500000006
CAN,4.0,"CONDITT IV, GEORGE",P012016,5,14.418,11.6500995
CAN,4.0,"CONDITT IV, GEORGE",P012016,6,15.434,5.5000746
CAN,4.0,"CONDITT IV, GEORGE",P012016,7,14.749,2.1491337500000003
CAN,4.0,"CONDITT IV, GEORGE",P012016,8,23.416,9.999447199999999
CAN,32.0,"THOMASSON, JOE",P012095,1,21.95,5.0499725
CAN,32.0,"THOMASSON, JOE",P012095,2,17.0,4.7494000000000005
CAN,32.0,"THOMASSON, JOE",P012095,3,17.183,-0.1504524500000004
CAN,32.0,"THOMASSON, JOE",P012095,4,15.584,1.2501791999999998
CAN,32.0,"THOMASSON, JOE",P012095,5,21.15,4.8491750000000025
CAN,32.0,"THOMASSON, JOE",P012095,6,17.917,-3.5502714000000006
CAN,32.0,"THOMASSON, JOE",P012095,7,21.899,3.6995426499999997
CAN,32.0,"THOMASSON, JOE",P012095,8,13.965,-0.8498674999999998
CAN,35.0,"DIOP, MASSAMBA",P012165,6,5.95,2.0499824999999996
CAN,1.0,"URBANIAK, JAKUB",P012777,5,21.05,9.850100000000001
CLU,9.0,"SALIN, SASU",P002820,1,24.349,2.1488166499999997
CLU,9.0,"SALIN, SASU",P002820,2,23.517,5.8489143000000015
CLU,9.0,"SALIN, SASU",P002820,3,24.568,5.350787999999999
CLU,9.0,"SALIN, SASU",P002820,4,19.467,12.7499063
CLU,9.0,"SALIN, SASU",P002820,5,18.583,2.7004691999999992
CLU,9.0,"SALIN, SASU",P002820,6,22.918,2.451405500000001
CLU,9.0,"SALIN, SASU",P002820,7,25.784,-2.9009807999999984
CLU,9.0,"SALIN, SASU",P002820,8,26.733,10.498972
CLU,11.0,"SEELEY, DENNIS",P004862,1,11.501,-2.54944885
CLU,11.0,"SEELEY, DENNIS",P004862,2,13.15,-0.9504425000000003
CLU,11.0,"SEELEY, DENNIS",P004862,3,23.385,7.75065425
CLU,11.0,"SEELEY, DENNIS",P004862,4,19.433,8.500332049999999
CLU,11.0,"SEELEY, DENNIS",P004862,5,19.451,-5.098990200000001
CLU,11.0,"SEELEY, DENNIS",P004862,6,19.4,-5.450759999999999
CLU,11.0,"SEELEY, DENNIS",P004862,7,20.884,-2.9495002
CLU,11.0,"SEELEY, DENNIS",P004862,8,23.633,4.250763650000001
CLU,5.0,"MEJERIS, MAREKS",P005714,1,15.734,1.0492512999999999
CLU,5.0,"MEJERIS, MAREKS",P005714,2,16.133,-3.0990263000000002
CLU,5.0,"MEJERIS, MAREKS",P005714,3,18.967,4.800090549999999
CLU,5.0,"MEJERIS, MAREKS",P005714,4,15.466,6.599491200000001
CLU,5.0,"MEJERIS, MAREKS",P005714,5,10.416,-2.2999392
CLU,5.0,"MEJERIS, MAREKS",P005714,6,17.05,3.3490624999999996
CLU,5.0,"MEJERIS, MAREKS",P005714,7,19.799,4.650024249999999
CLU,5.0,"MEJERIS, MAREKS",P005714,8,25.817,4.549280400000001
CLU,23.0,"STEPHENS, DE'SHAWN",P006618,1,11.484,-0.299855
CLU,23.0,"STEPHENS, DE'SHAWN",P006618,2,22.533,12.49961475
CLU,23.0,"STEPHENS, DE'SHAWN",P006618,3,23.351,20.95097335
CLU,23.0,"STEPHENS, DE'SHAWN",P006618,4,17.7,12.049520000000001
CLU,23.0,"STEPHENS, DE'SHAWN",P006618,5,15.383,7.500183750000001
CLU,23.0,"STEPHENS, DE'SHAWN",P006618,6,17.867,-0.40051425000000007
CLU,23.0,"STEPHENS, DE'SHAWN",P006618,7,10.25,-4.9004125
CLU,23.0,"STEPHENS, DE'SHAWN",P006618,8,19.882,8.4000122
CLU,1.0,"HERVEY, KEVIN",P010651,1,32.533,7.8499897
CLU,1.0,"HERVEY, KEVIN",P010651,2,15.05,-1.5498150000000002
CLU,1.0,"HERVEY, KEVIN",P010651,3,13.883,-1.1496977499999996
CLU,1.0,"HERVEY, KEVIN",P010651,4,16.618,3.050438
CLU,1.0,"HERVEY, KEVIN",P010651,5,28.317,10.8487184
CLU,1.0,"HERVEY, KEVIN",P010651,6,13.917,1.2499498
CLU,1.0,"HERVEY, KEVIN",P010651,7,11.085,-2.35013525
CLU,0.0,"GUZMAN, KAREL",P011797,3,15.016,1.6500288000000003
CLU,0.0,"GUZMAN, KAREL",P011797,4,19.9,3.700530000000001
CLU,0.0,"GUZMAN, KAREL",P011797,5,28.517,9.650196300000001
CLU,0.0,"GUZMAN, KAREL",P011797,6,26.501,17.5510991
CLU,0.0,"GUZMAN, KAREL",P011797,7,27.001,3.099414799999999
CLU,35.0,"RICHARD, PATRICK",P011801,1,12.416,-1.1499040000000003
CLU,35.0,"RICHARD, PATRICK",P011801,2,15.95,-6.350125
CLU,35.0,"RICHARD, PATRICK",P011801,3,18.467,2.04892305
CLU,35.0,"RICHARD, PATRICK",P011801,4,14.784,4.801004800000001
CLU,35.0,"RICHARD, PATRICK",P011801,5,1.75,-0.8499749999999999
CLU,25.0,"MACIUCA, MIHAI",P012620,1,8.883,2.1002846
CLU,25.0,"MACIUCA, MIHAI",P012620,2,14.533,-0.00046745000000036896
CLU,25.0,"MACIUCA, MIHAI",P012620,4,5.783,-0.80007805
CLU,25.0,"MACIUCA, MIHAI",P012620,5,2.4,-0.75004
CLU,25.0,"MACIUCA, MIHAI",P012620,6,5.467,-3.6502567999999997
CLU,25.0,"MACIUCA, MIHAI",P012620,8,15.798,-1.4999458000000003
CLU,95.0,"MOKOKA, ADAM",P012698,1,26.5,12.298650000000002
CLU,95.0,"MOKOKA, ADAM",P012698,2,24.8,0.35147999999999957
CLU,95.0,"MOKOKA, ADAM",P012698,3,22.667,7.399479650000002
CLU,95.0,"MOKOKA, ADAM",P012698,4,16.199,9.20003025
CLU,95.0,"MOKOKA, ADAM",P012698,5,25.5,17.99925
CLU,95.0,"MOKOKA, ADAM",P012698,6,29.001,10.401563849999999
CLU,95.0,"MOKOKA, ADAM",P012698,7,21.318,-2.9005926000000004
CLU,95.0,"MOKOKA, ADAM",P012698,8,25.283,4.550812849999999
CLU,2.0,"SOMACESCU, TUDOR",P013301,4,7.65,-1.8002500000000001
CLU,2.0,"SOMACESCU, TUDOR",P013301,8,7.449,-1.1495527999999997
CLU,3.0,"SIMPSON, ZAVIER",P013302,1,30.667,15.749898550000001
CLU,3.0,"SIMPSON, ZAVIER",P013302,2,29.667,5.9499397
CLU,3.0,"SIMPSON, ZAVIER",P013302,3,23.201,1.1497756
CLU,3.0,"SIMPSON, ZAVIER",P013302,4,24.7,23.949825
CLU,3.0,"SIMPSON, ZAVIER",P013302,5,25.066,1.9997999000000002
CLU,3.0,"SIMPSON, ZAVIER",P013302,6,29.05,11.849450000000001
CLU,3.0,"SIMPSON, ZAVIER",P013302,7,32.7,17.600434999999997
CLU,3.0,"SIMPSON, ZAVIER",P013302,8,30.517,21.451579
CLU,10.0,"HANKINS, ZACH",P013304,1,25.933,12.199393949999997
CLU,10.0,"HANKINS, ZACH",P013304,2,24.667,13.3991117
CLU,10.0,"HANKINS, ZACH",P013304,3,16.5,2.000775
CLU,10.0,"HANKINS, ZACH",P013304,4,22.3,-0.2994549999999996
CLU,10.0,"HANKINS, ZACH",P013304,5,24.617,1.3008247000000006
CLU,10.0,"HANKINS, ZACH",P013304,6,18.834,13.1011687
CLU,10.0,"HANKINS, ZACH",P013304,7,31.184,12.3001488
CLU,10.0,"HANKINS, ZACH",P013304,8,24.883,10.550588350000002
HAM,25.0,"OGBE, KENNETH",P003242,1,25.067,10.09952745
HAM,25.0,"OGBE, KENNETH",P003242,2,23.367,-4.7991813500000005
HAM,25.0,"OGBE, KENNETH",P003242,3,23.967,3.5494134000000006
HAM,25.0,"OGBE, KENNETH",P003242,4,24.117,-1.9490732
HAM,25.0,"OGBE, KENNETH",P003242,5,18.15,-1.0492875000000002
HAM,25.0,"OGBE, KENNETH",P003242,6,31.802,13.648945599999998
HAM,25.0,"OGBE, KENNETH",P003242,7,23.484,2.0515676000000003
HAM,25.0,"OGBE, KENNETH",P003242,8,20.016,2.5996399999999995
HAM,17.0,"WIMBERG, NIKLAS",P005478,7,19.884,-2.900537199999999
HAM,17.0,"WIMBERG, NIKLAS",P005478,8,18.466,-0.19930059999999994
HAM,44.0,"TURUDIC, BENEDIKT",P006006,1,19.7,11.850629999999999
HAM,44.0,"TURUDIC, BENEDIKT",P006006,2,12.767,-1.9995454000000001
HAM,44.0,"TURUDIC, BENEDIKT",P006006,3,17.783,-1.399667
HAM,44.0,"TURUDIC, BENEDIKT",P006006,8,16.116,-0.849793599999999
HAM,33.0,"HECKMANN, PATRICK",P006420,1,14.934,0.9008528999999994
HAM,33.0,"HECKMANN, PATRICK",P006420,2,10.517,-3.8501954999999994
HAM,33.0,"HECKMANN, PATRICK",P006420,3,15.45,-3.751045
HAM,33.0,"HECKMANN, PATRICK",P006420,4,21.851,-4.1996355
HAM,33.0,"HECKMANN, PATRICK",P006420,5,15.668,3.2500109999999998
HAM,33.0,"HECKMANN, PATRICK",P006420,6,14.551,0.8004153999999999
HAM,33.0,"HECKMANN, PATRICK",P006420,7,13.668,2.7499244
HAM,33.0,"HECKMANN, PATRICK",P006420,8,12.716,6.9495436
HAM,5.0,"MARONKA, ZSOMBOR",P008103,1,16.55,4.19974
HAM,5.0,"MARONKA, ZSOMBOR",P008103,7,13.334,0.5999250000000007
HAM,5.0,"MARONKA, ZSOMBOR",P008103,8,17.482,10.4507644
HAM,6.0,"MOELLER, LEIF",P010070,1,6.016,-5.7003936
HAM,6.0,"MOELLER, LEIF",P010070,2,17.2,3.69944
HAM,6.0,"MOELLER, LEIF",P010070,3,11.099,-2.4504013999999996
HAM,6.0,"MOELLER, LEIF",P010070,4,16.118,-2.4003657
HAM,6.0,"MOELLER, LEIF",P010070,5,11.935,0.34979650000000007
HAM,6.0,"MOELLER, LEIF",P010070,6,12.335,0.3503667500000005
HAM,6.0,"MOELLER, LEIF",P010070,7,19.101,2.2993472000000006
HAM,6.0,"MOELLER, LEIF",P010070,8,7.067,-3.6499727
HAM,3.0,"RICH, OSARO",P011256,1,15.482,2.5002214
HAM,3.0,"RICH, OSARO",P011256,2,17.466,-5.7993131
HAM,3.0,"RICH, OSARO",P011256,3,26.15,9.4004525
HAM,3.0,"RICH, OSARO",P011256,4,22.384,7.600125599999998
HAM,3.0,"RICH, OSARO",P011256,5,25.285,6.3993864999999985
HAM,3.0,"RICH, OSARO",P011256,6,22.068,6.9992786
HAM,3.0,"RICH, OSARO",P011256,7,20.3,7.200144999999998
HAM,3.0,"RICH, OSARO",P011256,8,18.649,5.100869299999999
HAM,15.0,"TANGERMANN, MIKA",P012690,4,11.117,0.7499198499999995
HAM,14.0,"REECE, CAMRON",P012695,1,12.466,0.8002042
HAM,14.0,"REECE, CAMRON",P012695,2,6.817,-1.1504226500000003
HAM,14.0,"REECE, CAMRON",P012695,3,22.917,6.999747300000001
HAM,14.0,"REECE, CAMRON",P012695,4,16.483,-0.7507113500000004
HAM,14.0,"REECE, CAMRON",P012695,5,11.068,4.7502288
HAM,14.0,"REECE, CAMRON",P012695,6,14.584,6.3500516
HAM,14.0,"REECE, CAMRON",P012695,7,10.0,2.1
HAM,1.0,"IVEY, BRAE",P013308,1,25.084,-2.9509762000000004
HAM,1.0,"IVEY, BRAE",P013308,2,18.767,4.7502265
HAM,1.0,"IVEY, BRAE",P013308,3,24.635,4.800553000000001
HAM,1.0,"IVEY, BRAE",P013308,4,20.984,10.300520799999997
HAM,1.0,"IVEY, BRAE",P013308,5,27.101,-0.4007918499999992
HAM,1.0,"IVEY, BRAE",P013308,6,27.268,10.450887799999999
HAM,1.0,"IVEY, BRAE",P013308,7,20.417,-0.5499317500000003
HAM,1.0,"IVEY, BRAE",P013308,8,21.165,14.749710000000002
HAM,4.0,"LOTTIE, JAIZEC",P013309,1,14.884,0.14986760000000032
HAM,4.0,"LOTTIE, JAIZEC",P013309,2,24.85,7.351119999999999
HAM,4.0,"LOTTIE, JAIZEC",P013309,3,26.599,5.1501709
HAM,4.0,"LOTTIE, JAIZEC",P013309,4,22.917,1.8514992499999998
HAM,4.0,"LOTTIE, JAIZEC",P013309,5,19.218,2.1504003000000003
HAM,4.0,"LOTTIE, JAIZEC",P013309,6,23.769,9.950352200000001
HAM,4.0,"LOTTIE, JAIZEC",P013309,8,17.949,8.44986865
HAM,8.0,"GREY, JARED",P013310,3,6.85,-7.999999999985796e-05
HAM,8.0,"GREY, JARED",P013310,4,7.216,-0.5495087999999999
HAM,8.0,"GREY, JARED",P013310,5,8.15,-1.95029
HAM,8.0,"GREY, JARED",P013310,6,2.767,-1.6500827
HAM,11.0,"KENNEDY, KEONDRE",P013311,1,18.534,7.999930600000001
HAM,11.0,"KENNEDY, KEONDRE",P013311,2,18.35,-1.0493074999999998
HAM,11.0,"KENNEDY, KEONDRE",P013311,4,12.2,0.9993300000000005
HAM,11.0,"KENNEDY, KEONDRE",P013311,5,10.167,1.2998938499999997
HAM,11.0,"KENNEDY, KEONDRE",P013311,7,23.367,2.8512429500000005
HAM,11.0,"KENNEDY, KEONDRE",P013311,8,17.666,8.749195
HAM,21.0,"BARNETT, JORDAN",P013312,1,16.233,-2.70002545
HAM,21.0,"BARNETT, JORDAN",P013312,2,29.183,1.6506658499999993
HAM,21.0,"BARNETT, JORDAN",P013312,3,24.55,5.3516249999999985
HAM,21.0,"BARNETT, JORDAN",P013312,4,24.618,2.5007211000000007
HAM,21.0,"BARNETT, JORDAN",P013312,5,24.334,1.6013472999999987
HAM,21.0,"BARNETT, JORDAN",P013312,6,25.452,5.7497364
HAM,21.0,"BARNETT, JORDAN",P013312,7,16.0,-2.4499999999999997
HAM,21.0,"BARNETT, JORDAN",P013312,8,11.599,7.25029015
HAM,23.0,"KUATH, KUR",P013313,1,15.05,-5.35031
HAM,23.0,"KUATH, KUR",P013313,2,20.716,14.5010872
HAM,23.0,"KUATH, KUR",P013313,5,28.934,8.500255
HAM,23.0,"KUATH, KUR",P013313,6,25.419,19.69911965
HAM,23.0,"KUATH, KUR",P013313,7,20.45,2.1503924999999997
HAM,23.0,"KUATH, KUR",P013313,8,21.099,20.598771099999997
HTA,22.0,"BEVERLEY, PATRICK",P001927,1,33.782,8.5988256
HTA,22.0,"BEVERLEY, PATRICK",P001927,2,26.617,13.40010495
HTA,22.0,"BEVERLEY, PATRICK",P001927,3,28.148,20.6489656
HTA,22.0,"BEVERLEY, PATRICK",P001927,4,27.166,19.451538000000003
HTA,22.0,"BEVERLEY, PATRICK",P001927,5,35.05,3.0009724999999996
HTA,22.0,"BEVERLEY, PATRICK",P001927,6,17.434,-3.0491887999999996
HTA,22.0,"BEVERLEY, PATRICK",P001927,7,30.168,17.6487296
HTA,22.0,"BEVERLEY, PATRICK",P001927,8,20.55,7.500530000000001
HTA,10.0,"TIMOR, BAR",P004846,2,22.65,3.3506850000000004
HTA,10.0,"TIMOR, BAR",P004846,3,30.482,11.8512667
HTA,10.0,"TIMOR, BAR",P004846,4,19.617,3.300233650000001
HTA,10.0,"TIMOR, BAR",P004846,5,8.95,-0.20028250000000014
HTA,10.0,"TIMOR, BAR",P004846,6,21.083,8.999877949999998
HTA,10.0,"TIMOR, BAR",P004846,7,24.5,2.4998750000000003
HTA,10.0,"TIMOR, BAR",P004846,8,16.666,2.8500199999999998
HTA,1.0,"RAGLAND, JOE",P005181,1,31.781,12.401793099999999
HTA,1.0,"RAGLAND, JOE",P005181,2,23.55,8.4010625
HTA,1.0,"RAGLAND, JOE",P005181,3,6.934,0.05012989999999995
HTA,1.0,"RAGLAND, JOE",P005181,4,16.883,1.8004628500000006
HTA,1.0,"RAGLAND, JOE",P005181,5,20.634,4.750086999999999
HTA,1.0,"RAGLAND, JOE",P005181,6,19.3,6.700800000000001
HTA,1.0,"RAGLAND, JOE",P005181,7,11.767,2.399678249999999
HTA,1.0,"RAGLAND, JOE",P005181,8,19.117,7.45052315
HTA,50.0,"BENTIL, BENJAMIN",P009818,1,15.6,1.2003199999999996
HTA,50.0,"BENTIL, BENJAMIN",P009818,2,7.25,1.2499375000000001
HTA,14.0,"BLAYZER, OZ",P009877,4,6.266,-0.5997001
HTA,14.0,"BLAYZER, OZ",P009877,6,7.801,3.9999264
HTA,14.0,"BLAYZER, OZ",P009877,7,2.533,-1.7998679000000002
HTA,14.0,"BLAYZER, OZ",P009877,8,7.767,3.6498057
HTA,17.0,"FOSTER, MARCUS",P010386,1,18.399,0.10064030000000024
HTA,17.0,"FOSTER, MARCUS",P010386,2,9.317,-2.25049915
HTA,17.0,"FOSTER, MARCUS",P010386,3,26.283,4.299297150000001
HTA,17.0,"FOSTER, MARCUS",P010386,4,23.116,4.749471
HTA,17.0,"FOSTER, MARCUS",P010386,5,34.233,3.649675750000002
HTA,17.0,"FOSTER, MARCUS",P010386,6,23.584,12.549864000000001
HTA,17.0,"FOSTER, MARCUS",P010386,7,26.817,5.29999295
HTA,17.0,"FOSTER, MARCUS",P010386,8,22.4,16.899919999999998
HTA,11.0,"ANGOLA, BRAIAN",P010465,3,5.5,-4.0500750000000005
HTA,41.0,"GINAT, TOMER",P010550,1,8.699,8.80012695
HTA,41.0,"GINAT, TOMER",P010550,2,28.617,5.79879445
HTA,41.0,"GINAT, TOMER",P010550,3,24.333,7.15001895
HTA,41.0,"GINAT, TOMER",P010550,4,30.516,12.500499199999998
HTA,41.0,"GINAT, TOMER",P010550,5,27.1,4.349905
HTA,41.0,"GINAT, TOMER",P010550,6,20.584,2.900359999999999
HTA,41.0,"GINAT, TOMER",P010550,7,20.351,4.049599550000001
HTA,41.0,"GINAT, TOMER",P010550,8,27.033,8.14959115
HTA,0.0,"MOTLEY, JOHNATHAN",P011157,1,19.949,5.401027799999999
HTA,0.0,"MOTLEY, JOHNATHAN",P011157,2,30.566,12.8483995
HTA,0.0,"MOTLEY, JOHNATHAN",P011157,3,26.033,18.200620500000003
HTA,0.0,"MOTLEY, JOHNATHAN",P011157,4,16.949,1.5000058499999995
HTA,0.0,"MOTLEY, JOHNATHAN",P011157,5,25.283,8.79990775
HTA,0.0,"MOTLEY, JOHNATHAN",P011157,6,25.635,22.55168125
HTA,31.0,"YAACOV, NOAM",P011386,1,3.167,-1.64995745
HTA,31.0,"YAACOV, NOAM",P011386,3,10.6,-1.3500100000000002
HTA,31.0,"YAACOV, NOAM",P011386,6,22.684,6.1011505999999995
HTA,31.0,"YAACOV, NOAM",P011386,7,10.65,-2.5499050000000008
HTA,31.0,"YAACOV, NOAM",P011386,8,15.65,6.4003475000000005
HTA,51.0,"CABOCLO, BRUNO",P012096,1,25.249,16.799479849999997
HTA,51.0,"CABOCLO, BRUNO",P012096,2,13.133,3.7998441
HTA,51.0,"CABOCLO, BRUNO",P012096,3,13.183,-2.30026865
HTA,51.0,"CABOCLO, BRUNO",P012096,4,30.816,6.3009743999999985
HTA,51.0,"CABOCLO, BRUNO",P012096,5,20.2,9.550619999999999
HTA,51.0,"CABOCLO, BRUNO",P012096,6,14.666,5.1501053
HTA,51.0,"CABOCLO, BRUNO",P012096,7,27.717,3.3493429
HTA,51.0,"CABOCLO, BRUNO",P012096,8,30.716,12.301059200000001
HTA,7.0,"RUINA, MIRON",P013282,6,1.3,-0.09997000000000002
HTA,7.0,"RUINA, MIRON",P013282,8,1.067,0.15002020000000002
HTA,9.0,"PALATIN, GUY",P013283,1,14.299,9.099535000000001
HTA,9.0,"PALATIN, GUY",P013283,2,10.083,0.6998278999999998
HTA,9.0,"PALATIN, GUY",P013283,8,3.167,3.19999605
HTA,24.0,"WAINRIGHT, ISHMAIL CARZELL",P013284,1,29.065,-0.9500564999999996
HTA,24.0,"WAINRIGHT, ISHMAIL CARZELL",P013284,2,28.217,7.4504848500000005
HTA,24.0,"WAINRIGHT, ISHMAIL CARZELL",P013284,3,28.499,6.849527650000001
HTA,24.0,"WAINRIGHT, ISHMAIL CARZELL",P013284,4,28.666,9.5489477
HTA,24.0,"WAINRIGHT, ISHMAIL CARZELL",P013284,5,28.55,1.8482675000000004
HTA,24.0,"WAINRIGHT, ISHMAIL CARZELL",P013284,6,25.934,0.7507516999999995
HTA,24.0,"WAINRIGHT, ISHMAIL CARZELL",P013284,7,29.718,7.147885500000001
HTA,24.0,"WAINRIGHT, ISHMAIL CARZELL",P013284,8,14.083,6.700010700000002
HTA,2.0,"BLAKENEY, ANTONIO",P013402,7,15.784,1.5496064
HTA,2.0,"BLAKENEY, ANTONIO",P013402,8,21.784,9.050894
JER,50.0,"ZOOSMAN, YOVEL",P006625,1,27.617,-0.4497188500000009
JER,50.0,"ZOOSMAN, YOVEL",P006625,2,31.034,17.898991199999998
JER,50.0,"ZOOSMAN, YOVEL",P006625,3,21.783,19.148970249999998
JER,50.0,"ZOOSMAN, YOVEL",P006625,4,25.699,6.20186135
JER,50.0,"ZOOSMAN, YOVEL",P006625,5,20.132,-1.4503778000000005
JER,50.0,"ZOOSMAN, YOVEL",P006625,6,27.151,14.5500995
JER,50.0,"ZOOSMAN, YOVEL",P006625,7,28.631,13.4994508
JER,50.0,"ZOOSMAN, YOVEL",P006625,8,26.534,-0.9491712000000003
JER,3.0,"CARRINGTON, KHADEEN",P008912,2,18.851,-0.7495529000000003
JER,3.0,"CARRINGTON, KHADEEN",P008912,5,18.849,-0.149578
JER,3.0,"CARRINGTON, KHADEEN",P008912,6,23.967,7.5990862
JER,3.0,"CARRINGTON, KHADEEN",P008912,7,27.448,4.9998956
JER,3.0,"CARRINGTON, KHADEEN",P008912,8,28.383,6.101177299999999
JER,8.0,"DOVRAT, NOAM",P009879,1,16.135,-4.598997000000001
JER,8.0,"DOVRAT, NOAM",P009879,3,13.533,1.1495064499999996
JER,8.0,"DOVRAT, NOAM",P009879,4,6.899,-1.34990355
JER,8.0,"DOVRAT, NOAM",P009879,6,10.898,-1.6496515999999999
JER,8.0,"DOVRAT, NOAM",P009879,7,25.999,7.59850775
JER,8.0,"DOVRAT, NOAM",P009879,8,18.666,-0.7501862999999993
JER,20.0,"MORGAN, JEREMY",P010431,1,10.651,1.9496323000000002
JER,20.0,"MORGAN, JEREMY",P010431,2,19.384,7.450226000000001
JER,20.0,"MORGAN, JEREMY",P010431,3,19.066,-2.4988230000000007
JER,20.0,"MORGAN, JEREMY",P010431,4,25.717,9.3998575
JER,20.0,"MORGAN, JEREMY",P010431,5,16.698,2.650707599999999
JER,20.0,"MORGAN, JEREMY",P010431,6,24.95,6.19991
JER,20.0,"MORGAN, JEREMY",P010431,7,31.614,18.900248
JER,20.0,"MORGAN, JEREMY",P010431,8,18.9,3.3496800000000007
JER,44.0,"SMITH, KENNETH",P010587,1,30.318,-0.10033659999999944
JER,44.0,"SMITH, KENNETH",P010587,2,28.65,10.501249999999999
JER,44.0,"SMITH, KENNETH",P010587,3,26.917,9.99970535
JER,44.0,"SMITH, KENNETH",P010587,4,19.751,-5.64938145
JER,44.0,"SMITH, KENNETH",P010587,5,30.599,9.8501266
JER,44.0,"SMITH, KENNETH",P010587,6,27.716,-9.549153400000002
JER,1.0,"HARPER, JARED",P011970,1,27.584,13.899590399999997
JER,1.0,"HARPER, JARED",P011970,2,30.034,18.3508595
JER,1.0,"HARPER, JARED",P011970,3,27.815,11.700822250000002
JER,1.0,"HARPER, JARED",P011970,4,31.898,15.049117400000004
JER,1.0,"HARPER, JARED",P011970,5,27.815,13.00027
JER,1.0,"HARPER, JARED",P011970,6,28.718,26.3503018
JER,1.0,"HARPER, JARED",P011970,8,31.434,13.6004082
JER,34.0,"OGBEIDE, DEREK",P013263,7,17.498,14.3498293
JER,34.0,"OGBEIDE, DEREK",P013263,8,12.883,9.7002094
JER,0.0,"SMITH, JUSTIN",P013276,1,14.702,-0.40079699999999985
JER,0.0,"SMITH, JUSTIN",P013276,2,21.101,13.10013605
JER,0.0,"SMITH, JUSTIN",P013276,3,18.133,-3.9992644000000004
JER,0.0,"SMITH, JUSTIN",P013276,4,21.883,8.650480700000001
JER,0.0,"SMITH, JUSTIN",P013276,5,24.198,1.3502085999999993
JER,4.0,"JOHNSON, CHRIS",P013277,1,19.951,1.8497722000000003
JER,4.0,"JOHNSON, CHRIS",P013277,2,20.567,6.9989137
JER,4.0,"JOHNSON, CHRIS",P013277,3,24.284,6.549248800000001
JER,4.0,"JOHNSON, CHRIS",P013277,4,18.533,11.949714550000001
JER,4.0,"JOHNSON, CHRIS",P013277,5,23.6,-0.2501400000000009
JER,4.0,"JOHNSON, CHRIS",P013277,6,24.349,18.09989875
JER,4.0,"JOHNSON, CHRIS",P013277,7,22.832,6.0001992
JER,4.0,"JOHNSON, CHRIS",P013277,8,18.167,1.0508965
JER,5.0,"WILEY, AUSTIN",P013278,1,24.233,8.3496436
JER,5.0,"WILEY, AUSTIN",P013278,2,12.567,-0.7999366499999998
JER,5.0,"WILEY, AUSTIN",P013278,3,23.266,17.6006158
JER,5.0,"WILEY, AUSTIN",P013278,4,19.183,3.9507588
JER,5.0,"WILEY, AUSTIN",P013278,5,19.25,6.300175
JER,7.0,"CHACHASHVILI, GABRIEL",P013279,1,19.702,-1.999968400000001
JER,7.0,"CHACHASHVILI, GABRIEL",P013279,2,12.367,-1.4505181000000003
JER,7.0,"CHACHASHVILI, GABRIEL",P013279,3,13.248,-3.0995616000000004
JER,7.0,"CHACHASHVILI, GABRIEL",P013279,4,20.099,0.7493322499999997
JER,7.0,"CHACHASHVILI, GABRIEL",P013279,5,13.915,-4.249943
JER,7.0,"CHACHASHVILI, GABRIEL",P013279,6,17.951,3.8000402999999996
JER,7.0,"CHACHASHVILI, GABRIEL",P013279,7,22.499,1.9006022000000007
JER,7.0,"CHACHASHVILI, GABRIEL",P013279,8,27.117,22.100669099999998
JER,80.0,"CORNELIUS, OR",P013281,1,9.117,-2.7003712
JER,80.0,"CORNELIUS, OR",P013281,2,5.45,-1.2997275
JER,80.0,"CORNELIUS, OR",P013281,3,11.95,5.3501650000000005
JER,80.0,"CORNELIUS, OR",P013281,4,10.333,-4.94960055
JER,80.0,"CORNELIUS, OR",P013281,5,4.934,-1.1500801
JER,80.0,"CORNELIUS, OR",P013281,6,14.3,-5.20007
JER,80.0,"CORNELIUS, OR",P013281,7,23.464,12.749707999999998
JER,80.0,"CORNELIUS, OR",P013281,8,17.916,5.8000294
JOV,16.0,"VIVES, GUILLEM",P002361,1,18.899,2.6999093500000004
JOV,16.0,"VIVES, GUILLEM",P002361,2,17.849,5.6998371500000005
JOV,16.0,"VIVES, GUILLEM",P002361,3,18.598,-1.9995709999999995
JOV,16.0,"VIVES, GUILLEM",P002361,4,16.699,-2.8002872500000007
JOV,16.0,"VIVES, GUILLEM",P002361,5,8.834,-0.49974950000000007
JOV,16.0,"VIVES, GUILLEM",P002361,6,23.3,2.6498849999999985
JOV,16.0,"VIVES, GUILLEM",P002361,7,4.067,0.04986595000000005
JOV,16.0,"VIVES, GUILLEM",P002361,8,14.483,3.0004711
JOV,44.0,"TOMIC, ANTE",P002507,1,23.0,23.7988
JOV,44.0,"TOMIC, ANTE",P002507,2,20.949,14.1000774
JOV,44.0,"TOMIC, ANTE",P002507,3,23.515,3.9494307500000003
JOV,44.0,"TOMIC, ANTE",P002507,4,24.633,10.4009073
JOV,44.0,"TOMIC, ANTE",P002507,5,25.984,16.350016
JOV,44.0,"TOMIC, ANTE",P002507,6,34.25,19.8500125
JOV,44.0,"TOMIC, ANTE",P002507,7,26.134,12.4487806
JOV,44.0,"TOMIC, ANTE",P002507,8,22.65,4.899492499999999
JOV,13.0,"PUSTOVYI, ARTEM",P004834,1,16.967,5.749432750000001
JOV,13.0,"PUSTOVYI, ARTEM",P004834,2,18.816,8.949744
JOV,13.0,"PUSTOVYI, ARTEM",P004834,3,16.482,0.09958399999999923
JOV,13.0,"PUSTOVYI, ARTEM",P004834,4,10.483,-3.75009775
JOV,13.0,"PUSTOVYI, ARTEM",P004834,5,20.634,10.5510728
JOV,13.0,"PUSTOVYI, ARTEM",P004834,6,17.6,-3.8491999999999997
JOV,13.0,"PUSTOVYI, ARTEM",P004834,7,17.283,-0.6000244500000003
JOV,13.0,"PUSTOVYI, ARTEM",P004834,8,17.167,1.7502690999999997
JOV,88.0,"HANGA, ADAM",P005099,1,19.518,-0.4006634
JOV,88.0,"HANGA, ADAM",P005099,3,21.698,5.4002012
JOV,88.0,"HANGA, ADAM",P005099,4,18.333,0.4011269500000001
JOV,88.0,"HANGA, ADAM",P005099,5,24.101,1.0995020999999996
JOV,88.0,"HANGA, ADAM",P005099,6,29.249,0.8514639499999985
JOV,88.0,"HANGA, ADAM",P005099,7,24.116,9.9001324
JOV,88.0,"HANGA, ADAM",P005099,8,24.033,9.2004544
JOV,3.0,"BUSQUETS, PEP",P006771,2,10.4,-2.7496800000000006
JOV,3.0,"BUSQUETS, PEP",P006771,3,3.116,-0.10008260000000013
JOV,3.0,"BUSQUETS, PEP",P006771,4,3.417,-0.39997245
JOV,3.0,"BUSQUETS, PEP",P006771,5,12.05,-1.1002174999999998
JOV,3.0,"BUSQUETS, PEP",P006771,6,17.117,6.399009700000001
JOV,3.0,"BUSQUETS, PEP",P006771,7,17.283,0.35033765000000017
JOV,3.0,"BUSQUETS, PEP",P006771,8,15.083,3.2995434500000003
JOV,17.0,"DEKKER, SAM",P009672,8,22.0,1.3991999999999991
JOV,1.0,"KRAAG, YANNICK",P010161,1,20.232,2.1491095999999996
JOV,1.0,"KRAAG, YANNICK",P010161,2,17.282,3.4500402
JOV,1.0,"KRAAG, YANNICK",P010161,3,15.716,-0.3002956000000001
JOV,1.0,"KRAAG, YANNICK",P010161,4,25.782,7.0492688
JOV,1.0,"KRAAG, YANNICK",P010161,5,11.784,2.0501579999999997
JOV,1.0,"KRAAG, YANNICK",P010161,6,14.95,-5.4507275
JOV,1.0,"KRAAG, YANNICK",P010161,7,27.934,9.600704099999998
JOV,1.0,"KRAAG, YANNICK",P010161,8,18.0,-2.8995000000000006
JOV,23.0,"RUZIC, MICHAEL",P012349,1,12.567,-6.399853350000001
JOV,23.0,"RUZIC, MICHAEL",P012349,2,14.199,2.1507754499999994
JOV,23.0,"RUZIC, MICHAEL",P012349,3,8.449,-3.3502708499999994
JOV,23.0,"RUZIC, MICHAEL",P012349,4,23.25,8.350550000000002
JOV,30.0,"ROBERTSON, KASSIUS",P012740,1,17.435,-0.750356
JOV,30.0,"ROBERTSON, KASSIUS",P012740,2,25.965,16.149918
JOV,30.0,"ROBERTSON, KASSIUS",P012740,3,27.498,16.699056900000002
JOV,30.0,"ROBERTSON, KASSIUS",P012740,4,24.983,2.8507228499999995
JOV,30.0,"ROBERTSON, KASSIUS",P012740,5,20.518,-0.7493615000000009
JOV,30.0,"ROBERTSON, KASSIUS",P012740,6,14.8,-2.30004
JOV,30.0,"ROBERTSON, KASSIUS",P012740,7,25.5,3.55
JOV,30.0,"ROBERTSON, KASSIUS",P012740,8,22.268,8.3504366
JOV,2.0,"DOTSON, DEVON DURRELL",P013285,1,26.583,10.70013695
JOV,2.0,"DOTSON, DEVON DURRELL",P013285,2,26.733,4.45041805
JOV,2.0,"DOTSON, DEVON DURRELL",P013285,3,27.198,16.149619299999998
JOV,2.0,"DOTSON, DEVON DURRELL",P013285,4,23.3,-8.10016
JOV,2.0,"DOTSON, DEVON DURRELL",P013285,5,28.267,11.751175250000001
JOV,2.0,"DOTSON, DEVON DURRELL",P013285,6,27.45,2.800317500000001
JOV,2.0,"DOTSON, DEVON DURRELL",P013285,7,24.467,1.050660500000001
JOV,2.0,"DOTSON, DEVON DURRELL",P013285,8,25.433,19.851481250000003
JOV,6.0,"VAN DER VUURST, KEYE",P013286,1,9.884,-4.6004324
JOV,6.0,"VAN DER VUURST, KEYE",P013286,2,3.983,-4.15017135
JOV,6.0,"VAN DER VUURST, KEYE",P013286,3,6.2,-0.9000200000000003
JOV,6.0,"VAN DER VUURST, KEYE",P013286,5,8.6,-3.3498900000000003
JOV,6.0,"VAN DER VUURST, KEYE",P013286,7,15.533,-0.40035599999999905
JOV,6.0,"VAN DER VUURST, KEYE",P013286,8,3.717,-0.7998984
JOV,12.0,"BRAY-GATES, KAISER EVAN",P013287,1,27.149,14.450923900000001
JOV,12.0,"BRAY-GATES, KAISER EVAN",P013287,2,25.799,-4.8006547
JOV,12.0,"BRAY-GATES, KAISER EVAN",P013287,3,31.515,8.999525249999998
JOV,12.0,"BRAY-GATES, KAISER EVAN",P013287,4,21.632,-5.048771200000001
JOV,12.0,"BRAY-GATES, KAISER EVAN",P013287,5,28.467,8.6487031
JOV,12.0,"BRAY-GATES, KAISER EVAN",P013287,6,35.95,6.950085000000001
JOV,12.0,"BRAY-GATES, KAISER EVAN",P013287,7,13.733,3.8495576000000007
JOV,4.0,"RIBAS, PAU",PJUG,1,7.766,-1.0502069
JOV,4.0,"RIBAS, PAU",PJUG,2,18.015,1.75076025
JOV,4.0,"RIBAS, PAU",PJUG,4,7.483,3.800339
JOV,4.0,"RIBAS, PAU",PJUG,5,10.766,-0.19980879999999956
JOV,4.0,"RIBAS, PAU",PJUG,6,10.334,0.8999543000000001
JOV,4.0,"RIBAS, PAU",PJUG,7,3.95,-0.10000750000000003
JOV,4.0,"RIBAS, PAU",PJUG,8,15.166,-0.49972620000000045
LJU,11.0,"BLAZIC, JAKA",P003452,1,19.899,0.04945319999999942
LJU,11.0,"BLAZIC, JAKA",P003452,2,25.232,6.4998423999999995
LJU,11.0,"BLAZIC, JAKA",P003452,3,23.533,4.7506124000000005
LJU,11.0,"BLAZIC, JAKA",P003452,4,28.033,13.400304849999998
LJU,11.0,"BLAZIC, JAKA",P003452,5,32.117,19.399834900000002
LJU,11.0,"BLAZIC, JAKA",P003452,6,26.982,3.599652299999999
LJU,11.0,"BLAZIC, JAKA",P003452,7,32.834,20.949865099999997
LJU,11.0,"BLAZIC, JAKA",P003452,8,24.35,-6.5506425
LJU,5.0,"NIKOLIC, ALEKSEJ",P003703,1,18.068,7.650043
LJU,5.0,"NIKOLIC, ALEKSEJ",P003703,2,27.199,6.650324550000001
LJU,5.0,"NIKOLIC, ALEKSEJ",P003703,3,30.549,7.801231849999999
LJU,5.0,"NIKOLIC, ALEKSEJ",P003703,4,25.151,3.949787700000001
LJU,5.0,"NIKOLIC, ALEKSEJ",P003703,5,29.184,-2.5005631999999998
LJU,5.0,"NIKOLIC, ALEKSEJ",P003703,6,17.916,0.5500294000000001
LJU,5.0,"NIKOLIC, ALEKSEJ",P003703,7,24.067,3.7993328999999996
LJU,5.0,"NIKOLIC, ALEKSEJ",P003703,8,23.683,-0.6009771500000003
LJU,19.0,"GNJIDIC, LOVRO",P007641,7,0.683,-0.49996584999999993
LJU,19.0,"GNJIDIC, LOVRO",P007641,8,10.382,-1.7999458
LJU,3.0,"RADOVIC, ROK",P009392,1,5.601,1.9001954
LJU,3.0,"RADOVIC, ROK",P009392,2,20.899,9.250555
LJU,3.0,"RADOVIC, ROK",P009392,3,11.15,-0.4998375000000004
LJU,3.0,"RADOVIC, ROK",P009392,4,14.467,4.099264099999999
LJU,3.0,"RADOVIC, ROK",P009392,5,20.017,11.5992775
LJU,3.0,"RADOVIC, ROK",P009392,6,23.182,5.500456099999999
LJU,3.0,"RADOVIC, ROK",P009392,7,13.1,-1.1496750000000002
LJU,3.0,"RADOVIC, ROK",P009392,8,23.367,6.199091499999999
LJU,41.0,"DANEU, ZIGA",P009431,3,12.183,-1.1500751999999999
LJU,41.0,"DANEU, ZIGA",P009431,4,15.801,0.8008135999999997
LJU,41.0,"DANEU, ZIGA",P009431,5,5.583,-2.3001623
LJU,41.0,"DANEU, ZIGA",P009431,6,11.465,-0.3500037500000004
LJU,41.0,"DANEU, ZIGA",P009431,8,15.733,4.249453600000001
LJU,23.0,"GEBEN, MARTINAS",P009753,1,13.167,6.8495156
LJU,23.0,"GEBEN, MARTINAS",P009753,2,20.599,0.9488138499999987
LJU,23.0,"GEBEN, MARTINAS",P009753,3,12.867,2.3503687500000003
LJU,23.0,"GEBEN, MARTINAS",P009753,4,23.816,12.748455600000002
LJU,23.0,"GEBEN, MARTINAS",P009753,5,14.434,2.450282900000001
LJU,23.0,"GEBEN, MARTINAS",P009753,6,16.682,4.9994602
LJU,23.0,"GEBEN, MARTINAS",P009753,7,22.65,3.0990424999999995
LJU,23.0,"GEBEN, MARTINAS",P009753,8,6.384,0.8502359999999998
LJU,7.0,"GLAS, GREGOR",P011261,3,13.517,-0.00020639999999971792
LJU,7.0,"GLAS, GREGOR",P011261,4,2.75,-1.7001000000000002
LJU,7.0,"GLAS, GREGOR",P011261,5,6.584,-3.1500932
LJU,7.0,"GLAS, GREGOR",P011261,6,14.765,2.4993349999999994
LJU,7.0,"GLAS, GREGOR",P011261,8,1.833,0.9999901499999999
LJU,1.0,"ROBINSON, DEVIN",P012042,1,28.683,12.201582849999998
LJU,1.0,"ROBINSON, DEVIN",P012042,2,29.231,13.098823249999997
LJU,1.0,"ROBINSON, DEVIN",P012042,3,26.834,-3.3996841
LJU,1.0,"ROBINSON, DEVIN",P012042,4,25.199,2.3991311500000005
LJU,1.0,"ROBINSON, DEVIN",P012042,5,25.468,12.250272200000001
LJU,1.0,"ROBINSON, DEVIN",P012042,6,27.8,4.399780000000002
LJU,1.0,"ROBINSON, DEVIN",P012042,7,32.867,3.950785599999999
LJU,1.0,"ROBINSON, DEVIN",P012042,8,31.216,12.449795199999999
LJU,0.0,"STEWART, DJ",P012700,1,28.55,4.749545
LJU,0.0,"STEWART, DJ",P012700,2,19.716,4.099224799999999
LJU,0.0,"STEWART, DJ",P012700,3,22.168,0.2987175999999998
LJU,0.0,"STEWART, DJ",P012700,4,28.033,7.049573649999999
LJU,0.0,"STEWART, DJ",P012700,5,32.884,18.198927
LJU,0.0,"STEWART, DJ",P012700,6,20.05,1.2496400000000003
LJU,0.0,"STEWART, DJ",P012700,7,29.8,-4.8482199999999995
LJU,0.0,"STEWART, DJ",P012700,8,16.599,-5.300084200000001
LJU,20.0,"BERINGER, JOAN",P012996,1,23.984,7.6489352
LJU,20.0,"BERINGER, JOAN",P012996,2,2.033,-0.20000455000000006
LJU,20.0,"BERINGER, JOAN",P012996,3,15.516,3.900144
LJU,20.0,"BERINGER, JOAN",P012996,5,12.883,6.8494085
LJU,20.0,"BERINGER, JOAN",P012996,6,19.066,6.699301100000001
LJU,20.0,"BERINGER, JOAN",P012996,7,16.433,6.950563599999999
LJU,20.0,"BERINGER, JOAN",P012996,8,26.032,2.300591999999999
LJU,2.0,"JONES, DEVANTE",P013260,1,22.15,11.999884999999999
LJU,2.0,"JONES, DEVANTE",P013260,2,15.649,2.1991840999999996
LJU,2.0,"JONES, DEVANTE",P013260,3,20.433,9.79991355
LJU,2.0,"JONES, DEVANTE",P013260,4,22.1,3.850225
LJU,2.0,"JONES, DEVANTE",P013260,5,16.334,-0.2995561000000002
LJU,2.0,"JONES, DEVANTE",P013260,6,22.082,7.999214700000001
LJU,2.0,"JONES, DEVANTE",P013260,7,20.433,5.1995965
LJU,2.0,"JONES, DEVANTE",P013260,8,20.416,4.649484800000001
LJU,9.0,"LEMAR, BRYNTON",P013261,1,25.735,12.300573750000002
LJU,9.0,"LEMAR, BRYNTON",P013261,2,11.899,11.14996165
LJU,34.0,"PREPELIC, BINE",P013262,1,11.318,-3.2997445000000005
LJU,34.0,"PREPELIC, BINE",P013262,2,10.317,-0.000524299999999922
LJU,34.0,"PREPELIC, BINE",P013262,5,2.367,-2.7499334
LJU,34.0,"PREPELIC, BINE",P013262,7,7.133,-3.8003226000000003
LJU,37.0,"OGBEIDE, DEREK",P013263,1,2.85,-5.150085
LJU,37.0,"OGBEIDE, DEREK",P013263,2,17.216,5.849603200000001
LJU,37.0,"OGBEIDE, DEREK",P013263,3,11.25,9.29975
LJU,37.0,"OGBEIDE, DEREK",P013263,4,14.65,2.399975
LJU,37.0,"OGBEIDE, DEREK",P013263,5,2.15,-0.10012750000000004
LKB,31.0,"STIPANOVIC, ANDRIJA",P005113,2,20.95,10.149275
LKB,31.0,"STIPANOVIC, ANDRIJA",P005113,4,25.867,7.64935915
LKB,31.0,"STIPANOVIC, ANDRIJA",P005113,5,25.333,8.0009524
LKB,31.0,"STIPANOVIC, ANDRIJA",P005113,7,21.984,18.399192000000003
LKB,31.0,"STIPANOVIC, ANDRIJA",P005113,8,24.584,13.7510364
LKB,13.0,"VARNAS, MARTYNAS",P005521,1,25.317,3.0499462499999996
LKB,13.0,"VARNAS, MARTYNAS",P005521,2,21.4,2.350570000000001
LKB,13.0,"VARNAS, MARTYNAS",P005521,3,23.533,3.1007191500000006
LKB,13.0,"VARNAS, MARTYNAS",P005521,4,15.834,-1.8004343999999994
LKB,13.0,"VARNAS, MARTYNAS",P005521,5,28.567,3.1501705000000007
LKB,13.0,"VARNAS, MARTYNAS",P005521,7,23.334,5.5007905
LKB,13.0,"VARNAS, MARTYNAS",P005521,8,19.65,5.2506125
LKB,15.0,"PECARSKI, MARKO",P005656,1,25.365,8.000854499999999
LKB,15.0,"PECARSKI, MARKO",P005656,2,20.95,5.549772500000001
LKB,15.0,"PECARSKI, MARKO",P005656,3,24.066,3.8009638999999993
LKB,15.0,"PECARSKI, MARKO",P005656,4,25.348,16.6012372
LKB,15.0,"PECARSKI, MARKO",P005656,5,29.0,21.74945
LKB,15.0,"PECARSKI, MARKO",P005656,7,24.017,9.849915150000001
LKB,15.0,"PECARSKI, MARKO",P005656,8,28.451,5.39984205
LKB,18.0,"VASILIAUSKAS, GRANTAS",P006212,3,14.384,4.8993736
LKB,18.0,"VASILIAUSKAS, GRANTAS",P006212,4,6.517,1.1499303999999997
LKB,18.0,"VASILIAUSKAS, GRANTAS",P006212,5,10.617,3.4001789000000002
LKB,18.0,"VASILIAUSKAS, GRANTAS",P006212,7,18.017,4.65007345
LKB,16.0,"KALAITZAKIS, GEORGIOS",P006586,1,31.517,7.6495249
LKB,16.0,"KALAITZAKIS, GEORGIOS",P006586,2,22.85,2.699027499999999
LKB,16.0,"KALAITZAKIS, GEORGIOS",P006586,3,19.833,6.549318849999999
LKB,16.0,"KALAITZAKIS, GEORGIOS",P006586,4,17.083,0.7505718999999997
LKB,16.0,"KALAITZAKIS, GEORGIOS",P006586,5,14.75,0.7004874999999999
LKB,16.0,"KALAITZAKIS, GEORGIOS",P006586,8,19.185,1.30042525
LKB,35.0,"LAVRINOVICIUS, DANIELIUS",P006860,1,14.466,-0.3005555000000002
LKB,35.0,"LAVRINOVICIUS, DANIELIUS",P006860,2,11.117,-2.9005306500000003
LKB,35.0,"LAVRINOVICIUS, DANIELIUS",P006860,8,11.55,-6.350425
LKB,17.0,"RUBSTAVICIUS, MANTAS",P009299,1,20.317,-2.6506769000000006
LKB,17.0,"RUBSTAVICIUS, MANTAS",P009299,2,21.333,-1.0502213500000002
LKB,17.0,"RUBSTAVICIUS, MANTAS",P009299,3,26.784,10.301560000000002
LKB,17.0,"RUBSTAVICIUS, MANTAS",P009299,4,26.849,10.149065750000002
LKB,17.0,"RUBSTAVICIUS, MANTAS",P009299,5,20.884,2.5502566
LKB,17.0,"RUBSTAVICIUS, MANTAS",P009299,7,27.4,19.250529999999998
LKB,17.0,"RUBSTAVICIUS, MANTAS",P009299,8,26.684,18.8988642
LKB,2.0,"BICKAUSKIS, DOVIS",P009898,1,17.033,-4.4506636
LKB,2.0,"BICKAUSKIS, DOVIS",P009898,2,19.55,7.399424999999999
LKB,2.0,"BICKAUSKIS, DOVIS",P009898,3,19.8,2.15029
LKB,2.0,"BICKAUSKIS, DOVIS",P009898,4,24.233,4.5508438999999985
LKB,2.0,"BICKAUSKIS, DOVIS",P009898,5,23.816,6.448373999999999
LKB,2.0,"BICKAUSKIS, DOVIS",P009898,7,21.117,4.900693
LKB,2.0,"BICKAUSKIS, DOVIS",P009898,8,17.067,-2.90078965
LKB,3.0,"STENIONIS, DOMINYKAS",P010181,4,0.15,0.0
LKB,3.0,"STENIONIS, DOMINYKAS",P010181,5,6.367,-4.4499564
LKB,3.0,"STENIONIS, DOMINYKAS",P010181,7,2.466,1.5499439000000004
LKB,3.0,"STENIONIS, DOMINYKAS",P010181,8,2.6,-1.9999699999999998
LKB,12.0,"MALDUNAS, GABRIELIUS",P010461,1,18.401,0.45035034999999946
LKB,12.0,"MALDUNAS, GABRIELIUS",P010461,2,19.05,-3.2004625000000004
LKB,12.0,"MALDUNAS, GABRIELIUS",P010461,3,23.783,0.749309499999999
LKB,12.0,"MALDUNAS, GABRIELIUS",P010461,4,14.099,-1.1493564500000004
LKB,12.0,"MALDUNAS, GABRIELIUS",P010461,5,14.05,2.5007175
LKB,12.0,"MALDUNAS, GABRIELIUS",P010461,7,15.984,4.6502007999999995
LKB,12.0,"MALDUNAS, GABRIELIUS",P010461,8,15.417,0.25016754999999957
LKB,50.0,"KOVLIAR, OLEKSANDR",P013247,1,23.917,5.89979435
LKB,50.0,"KOVLIAR, OLEKSANDR",P013247,2,22.317,1.9000199000000002
LKB,50.0,"KOVLIAR, OLEKSANDR",P013247,3,20.2,-6.699739999999999
LKB,50.0,"KOVLIAR, OLEKSANDR",P013247,4,28.715,6.600072
LKB,50.0,"KOVLIAR, OLEKSANDR",P013247,7,22.451,6.049901
LKB,50.0,"KOVLIAR, OLEKSANDR",P013247,8,20.7,6.450005000000001
LKB,10.0,"LIPKEVICIUS, VYTENIS",PLXI,1,23.667,8.599894599999999
LKB,10.0,"LIPKEVICIUS, VYTENIS",PLXI,2,20.483,0.0009849999999991255
LKB,10.0,"LIPKEVICIUS, VYTENIS",PLXI,3,27.617,5.799322
LKB,10.0,"LIPKEVICIUS, VYTENIS",PLXI,4,15.3,-0.7501750000000005
LKB,10.0,"LIPKEVICIUS, VYTENIS",PLXI,5,26.616,-3.7003836
LKB,10.0,"LIPKEVICIUS, VYTENIS",PLXI,7,23.235,12.200850249999998
LKB,10.0,"LIPKEVICIUS, VYTENIS",PLXI,8,14.117,4.950571399999999
PAM,18.0,"FILIPOVIC, GORAN",P004548,2,9.9,3.40006
PAM,18.0,"FILIPOVIC, GORAN",P004548,4,9.866,6.299727500000001
PAM,18.0,"FILIPOVIC, GORAN",P004548,5,10.4,-0.35040000000000004
PAM,16.0,"JOVIC, STEFAN",P004863,1,18.2,10.649899999999999
PAM,16.0,"JOVIC, STEFAN",P004863,2,15.866,11.3994056
PAM,16.0,"JOVIC, STEFAN",P004863,3,20.433,6.1991225000000005
PAM,16.0,"JOVIC, STEFAN",P004863,5,13.018,-1.7503684
PAM,16.0,"JOVIC, STEFAN",P004863,7,10.65,-1.700495
PAM,16.0,"JOVIC, STEFAN",P004863,8,7.983,5.5497875
PAM,6.0,"LOPEZ-AROSTEGUI, XABI",P005356,1,16.616,7.349666799999998
PAM,6.0,"LOPEZ-AROSTEGUI, XABI",P005356,2,13.617,5.54957525
PAM,6.0,"LOPEZ-AROSTEGUI, XABI",P005356,3,21.832,20.500545199999998
PAM,6.0,"LOPEZ-AROSTEGUI, XABI",P005356,4,12.649,3.3001457999999992
PAM,6.0,"LOPEZ-AROSTEGUI, XABI",P005356,5,19.517,12.099374349999998
PAM,6.0,"LOPEZ-AROSTEGUI, XABI",P005356,7,17.434,8.5508539
PAM,6.0,"LOPEZ-AROSTEGUI, XABI",P005356,8,19.184,13.000635200000001
PAM,2.0,"PUERTO, JOSEP",P006643,1,17.8,4.54911
PAM,2.0,"PUERTO, JOSEP",P006643,2,17.017,4.1992999
PAM,2.0,"PUERTO, JOSEP",P006643,3,8.017,2.4501255499999997
PAM,2.0,"PUERTO, JOSEP",P006643,4,16.483,1.75087115
PAM,2.0,"PUERTO, JOSEP",P006643,5,19.784,1.55065
PAM,2.0,"PUERTO, JOSEP",P006643,7,14.549,5.1992218999999995
PAM,2.0,"PUERTO, JOSEP",P006643,8,18.583,13.349945049999999
PAM,0.0,"BADIO, BRANCOU",P007527,1,21.917,-3.9012850000000006
PAM,0.0,"BADIO, BRANCOU",P007527,2,20.249,9.1001716
PAM,0.0,"BADIO, BRANCOU",P007527,3,23.251,8.498316599999999
PAM,0.0,"BADIO, BRANCOU",P007527,4,19.917,-1.1003718500000002
PAM,0.0,"BADIO, BRANCOU",P007527,5,20.484,5.999365799999999
PAM,0.0,"BADIO, BRANCOU",P007527,7,18.915,-4.049211
PAM,0.0,"BADIO, BRANCOU",P007527,8,19.05,11.699875
PAM,22.0,"HAPP, ETHAN",P009864,1,8.433,-7.249417899999999
PAM,22.0,"HAPP, ETHAN",P009864,2,12.95,4.3003775
PAM,22.0,"HAPP, ETHAN",P009864,3,11.65,4.599752500000001
PAM,22.0,"HAPP, ETHAN",P009864,4,11.749,-2.3994394000000003
PAM,22.0,"HAPP, ETHAN",P009864,5,13.5,8.0002
PAM,8.0,"MONTERO, JEAN",P010042,1,23.267,10.0511393
PAM,8.0,"MONTERO, JEAN",P010042,2,23.584,8.8010336
PAM,8.0,"MONTERO, JEAN",P010042,3,22.882,2.1004818999999992
PAM,8.0,"MONTERO, JEAN",P010042,4,19.75,13.251137499999999
PAM,8.0,"MONTERO, JEAN",P010042,7,24.667,6.049950450000001
PAM,8.0,"MONTERO, JEAN",P010042,8,19.466,17.5495594
PAM,4.0,"PRADILLA, JAIME",P010393,1,21.65,15.001057500000002
PAM,4.0,"PRADILLA, JAIME",P010393,2,22.635,11.70040075
PAM,4.0,"PRADILLA, JAIME",P010393,3,23.133,11.74991395
PAM,4.0,"PRADILLA, JAIME",P010393,4,21.999,9.84954775
PAM,4.0,"PRADILLA, JAIME",P010393,5,21.368,7.100373600000001
PAM,4.0,"PRADILLA, JAIME",P010393,7,20.151,3.0995055000000002
PAM,4.0,"PRADILLA, JAIME",P010393,8,19.232,8.599939200000001
PAM,24.0,"COSTELLO, MATTHEW",P010444,1,16.883,9.99993645
PAM,24.0,"COSTELLO, MATTHEW",P010444,2,13.783,17.2504395
PAM,24.0,"COSTELLO, MATTHEW",P010444,3,14.449,7.050193799999999
PAM,24.0,"COSTELLO, MATTHEW",P010444,4,16.767,13.54920405
PAM,24.0,"COSTELLO, MATTHEW",P010444,5,15.568,4.9991959999999995
PAM,24.0,"COSTELLO, MATTHEW",P010444,7,21.382,6.100222099999999
PAM,24.0,"COSTELLO, MATTHEW",P010444,8,16.068,10.749577799999999
PAM,7.0,"JONES, CHRIS",P010568,8,12.084,-3.599595
PAM,5.0,"DE LARREA, SERGIO",P010750,3,4.333,-0.6997654000000001
PAM,5.0,"DE LARREA, SERGIO",P010750,4,17.816,12.699831200000002
PAM,5.0,"DE LARREA, SERGIO",P010750,5,16.583,4.749641799999999
PAM,5.0,"DE LARREA, SERGIO",P010750,7,12.365,-5.99979625
PAM,5.0,"DE LARREA, SERGIO",P010750,8,11.95,6.9505175
PAM,77.0,"SESTINA, NATHAN",P011980,1,16.666,2.250062
PAM,77.0,"SESTINA, NATHAN",P011980,2,17.365,-0.04924375000000003
PAM,77.0,"SESTINA, NATHAN",P011980,3,14.349,-1.09952345
PAM,77.0,"SESTINA, NATHAN",P011980,4,18.0,3.3502
PAM,77.0,"SESTINA, NATHAN",P011980,5,18.633,7.6506573499999995
PAM,77.0,"SESTINA, NATHAN",P011980,7,15.465,1.8993934999999995
PAM,77.0,"SESTINA, NATHAN",P011980,8,19.517,-3.84960055
PAM,37.0,"OJELEYE, SEMI",P011982,1,23.884,6.850283599999999
PAM,37.0,"OJELEYE, SEMI",P011982,2,19.767,3.4000380000000012
PAM,37.0,"OJELEYE, SEMI",P011982,3,25.699,18.4001656
PAM,37.0,"OJELEYE, SEMI",P011982,4,23.516,9.600295599999999
PAM,37.0,"OJELEYE, SEMI",P011982,5,20.217,7.750046900000001
PAM,37.0,"OJELEYE, SEMI",P011982,7,25.8,12.19865
PAM,37.0,"OJELEYE, SEMI",P011982,8,20.217,8.8491102
PAM,3.0,"REUVERS, NATHAN",P012738,1,14.684,8.1993598
PAM,3.0,"REUVERS, NATHAN",P012738,2,13.267,16.00066335
PAM,3.0,"REUVERS, NATHAN",P012738,3,9.967,-4.50020185
PAM,3.0,"REUVERS, NATHAN",P012738,4,11.483,5.200600650000001
PAM,3.0,"REUVERS, NATHAN",P012738,5,10.933,-1.4496011500000001
PAM,3.0,"REUVERS, NATHAN",P012738,7,18.617,6.200400649999999
PAM,3.0,"REUVERS, NATHAN",P012738,8,16.666,13.150044
TRN,33.0,"ZUKAUSKAS, EIGIRDAS",P002387,2,10.9,-0.5005250000000003
TRN,33.0,"ZUKAUSKAS, EIGIRDAS",P002387,5,12.567,0.2500361999999998
TRN,33.0,"ZUKAUSKAS, EIGIRDAS",P002387,6,18.367,7.350551750000001
TRN,33.0,"ZUKAUSKAS, EIGIRDAS",P002387,7,19.583,5.249279800000001
TRN,33.0,"ZUKAUSKAS, EIGIRDAS",P002387,8,22.933,14.799276599999999
TRN,6.0,"PECCHIA, ANDREA",P005438,1,26.466,3.1001825999999992
TRN,6.0,"PECCHIA, ANDREA",P005438,2,17.034,1.9494541000000005
TRN,6.0,"PECCHIA, ANDREA",P005438,3,16.183,-1.4497168999999999
TRN,6.0,"PECCHIA, ANDREA",P005438,4,22.583,-4.9002666
TRN,6.0,"PECCHIA, ANDREA",P005438,5,15.483,-0.7498987499999998
TRN,6.0,"PECCHIA, ANDREA",P005438,6,18.434,-0.9007825
TRN,6.0,"PECCHIA, ANDREA",P005438,7,21.517,10.40010295
TRN,6.0,"PECCHIA, ANDREA",P005438,8,14.533,2.6001110999999995
TRN,10.0,"FORRAY, TOTO",P006382,1,11.099,-4.2501834
TRN,10.0,"FORRAY, TOTO",P006382,2,11.35,2.850125
TRN,10.0,"FORRAY, TOTO",P006382,3,12.8,3.7003199999999996
TRN,10.0,"FORRAY, TOTO",P006382,4,12.234,0.1997928
TRN,10.0,"FORRAY, TOTO",P006382,5,8.7,1.8498100000000002
TRN,10.0,"FORRAY, TOTO",P006382,6,12.667,7.7494456
TRN,10.0,"FORRAY, TOTO",P006382,7,10.35,-2.44949
TRN,10.0,"FORRAY, TOTO",P006382,8,16.266,1.4493897000000002
TRN,26.0,"BAYEHE, JORDAN",P006724,1,21.733,7.049618350000001
TRN,26.0,"BAYEHE, JORDAN",P006724,2,19.633,2.84995525
TRN,26.0,"BAYEHE, JORDAN",P006724,3,19.567,2.8003157499999993
TRN,26.0,"BAYEHE, JORDAN",P006724,4,22.05,3.4498024999999988
TRN,26.0,"BAYEHE, JORDAN",P006724,5,12.249,0.15043134999999985
TRN,26.0,"BAYEHE, JORDAN",P006724,6,17.3,5.700660000000001
TRN,26.0,"BAYEHE, JORDAN",P006724,7,6.483,-0.99976005
TRN,26.0,"BAYEHE, JORDAN",P006724,8,23.783,2.900573799999999
TRN,68.0,"HASSAN, PATRICK",P012242,4,6.783,-3.3498662500000003
TRN,1.0,"ELLIS, QUINN",P012593,1,27.85,-0.5002250000000013
TRN,1.0,"ELLIS, QUINN",P012593,2,26.366,1.1496446000000002
TRN,1.0,"ELLIS, QUINN",P012593,3,29.717,0.10091705000000051
TRN,1.0,"ELLIS, QUINN",P012593,4,18.949,-2.3997429499999994
TRN,1.0,"ELLIS, QUINN",P012593,5,26.199,1.2499282500000009
TRN,1.0,"ELLIS, QUINN",P012593,6,23.984,3.349368
TRN,1.0,"ELLIS, QUINN",P012593,7,19.75,3.0495875000000003
TRN,1.0,"ELLIS, QUINN",P012593,8,27.149,6.950497449999999
TRN,7.0,"NIANG, SALIOU",P012687,1,10.366,-1.3000240000000003
TRN,7.0,"NIANG, SALIOU",P012687,2,16.082,6.3994036
TRN,7.0,"NIANG, SALIOU",P012687,3,21.3,-1.299624999999999
TRN,7.0,"NIANG, SALIOU",P012687,4,23.634,2.1995010000000015
TRN,7.0,"NIANG, SALIOU",P012687,5,18.233,5.4488004
TRN,7.0,"NIANG, SALIOU",P012687,6,14.9,0.2499949999999993
TRN,7.0,"NIANG, SALIOU",P012687,7,18.798,7.3504487
TRN,7.0,"NIANG, SALIOU",P012687,8,3.1,-0.19994999999999985
TRN,3.0,"CALE, MYLES",P013269,1,20.766,2.4504887
TRN,3.0,"CALE, MYLES",P013269,2,20.299,2.9004936499999996
TRN,3.0,"CALE, MYLES",P013269,3,24.285,4.09958825
TRN,3.0,"CALE, MYLES",P013269,4,24.85,0.34970750000000095
TRN,3.0,"CALE, MYLES",P013269,5,30.166,1.3517286000000004
TRN,3.0,"CALE, MYLES",P013269,6,23.817,-0.7497982500000004
TRN,3.0,"CALE, MYLES",P013269,7,25.633,0.9496886500000015
TRN,3.0,"CALE, MYLES",P013269,8,31.083,2.2501032500000004
TRN,5.0,"FORD, JORDAN",P013270,1,27.866,23.5503839
TRN,5.0,"FORD, JORDAN",P013270,2,28.866,8.748452
TRN,5.0,"FORD, JORDAN",P013270,3,20.101,1.3494455000000007
TRN,5.0,"FORD, JORDAN",P013270,4,24.684,2.800017399999999
TRN,5.0,"FORD, JORDAN",P013270,5,21.283,6.900417
TRN,5.0,"FORD, JORDAN",P013270,6,26.201,6.9504217000000015
TRN,5.0,"FORD, JORDAN",P013270,7,23.882,8.8515097
TRN,5.0,"FORD, JORDAN",P013270,8,28.649,13.351250049999999
TRN,21.0,"MAWUGBE, SELOM",P013271,1,25.516,0.8502201999999999
TRN,21.0,"MAWUGBE, SELOM",P013271,2,20.366,9.699675
TRN,21.0,"MAWUGBE, SELOM",P013271,3,29.935,7.7988195
TRN,21.0,"MAWUGBE, SELOM",P013271,4,16.8,-3.899799999999999
TRN,21.0,"MAWUGBE, SELOM",P013271,5,27.683,13.10058565
TRN,21.0,"MAWUGBE, SELOM",P013271,6,22.434,1.2504854
TRN,21.0,"MAWUGBE, SELOM",P013271,7,26.183,2.1511326000000013
TRN,21.0,"MAWUGBE, SELOM",P013271,8,11.283,-0.8997377000000002
TRN,22.0,"LAMB, ANTHONY",P013272,1,28.333,4.451534099999999
TRN,22.0,"LAMB, ANTHONY",P013272,2,29.099,7.101430400000001
TRN,22.0,"LAMB, ANTHONY",P013272,3,26.117,2.501077399999999
TRN,22.0,"LAMB, ANTHONY",P013272,4,27.433,-2.6991740999999996
TRN,22.0,"LAMB, ANTHONY",P013272,5,27.432,14.450956399999999
TRN,22.0,"LAMB, ANTHONY",P013272,6,21.901,7.6996941
TRN,22.0,"LAMB, ANTHONY",P013272,7,27.816,11.799906799999999
TRN,22.0,"LAMB, ANTHONY",P013272,8,21.216,-3.3492944000000002
TSO,81.0,"VAN VLIET, ANDY",P003885,3,19.368,10.0994896
TSO,81.0,"VAN VLIET, ANDY",P003885,4,11.084,-0.45024019999999965
TSO,81.0,"VAN VLIET, ANDY",P003885,5,20.133,3.1497773000000002
TSO,81.0,"VAN VLIET, ANDY",P003885,6,20.034,1.6999451000000003
TSO,81.0,"VAN VLIET, ANDY",P003885,7,24.051,8.801347399999997
TSO,81.0,"VAN VLIET, ANDY",P003885,8,18.218,-5.050091200000001
TSO,12.0,"WITLINSKI, MIKOLAJ",P008790,1,16.1,13.79894
TSO,12.0,"WITLINSKI, MIKOLAJ",P008790,2,18.836,0.24952100000000055
TSO,12.0,"WITLINSKI, MIKOLAJ",P008790,3,18.3,-0.10051500000000013
TSO,12.0,"WITLINSKI, MIKOLAJ",P008790,4,15.833,4.250166050000001
TSO,12.0,"WITLINSKI, MIKOLAJ",P008790,5,9.817,-1.1496613500000004
TSO,12.0,"WITLINSKI, MIKOLAJ",P008790,6,18.885,-0.6010407500000001
TSO,12.0,"WITLINSKI, MIKOLAJ",P008790,7,25.584,7.949608000000001
TSO,12.0,"WITLINSKI, MIKOLAJ",P008790,8,19.201,-3.6996293500000004
TSO,22.0,"PHILLIP, TARIK",P009649,1,40.901,4.90077155
TSO,22.0,"PHILLIP, TARIK",P009649,2,31.252,15.349750399999998
TSO,22.0,"PHILLIP, TARIK",P009649,3,33.051,23.54892775
TSO,22.0,"PHILLIP, TARIK",P009649,4,32.583,9.599665850000001
TSO,22.0,"PHILLIP, TARIK",P009649,5,37.868,5.598901400000001
TSO,22.0,"PHILLIP, TARIK",P009649,6,33.719,12.648232300000002
TSO,22.0,"PHILLIP, TARIK",P009649,7,32.134,2.3000862
TSO,22.0,"PHILLIP, TARIK",P009649,8,37.201,4.702002799999999
TSO,3.0,"BEST, AARON",P012019,1,34.301,-4.700023700000001
TSO,3.0,"BEST, AARON",P012019,2,33.319,5.199882049999999
TSO,3.0,"BEST, AARON",P012019,3,29.0,-5.951649999999999
TSO,3.0,"BEST, AARON",P012019,4,27.265,-6.24971775
TSO,3.0,"BEST, AARON",P012019,5,37.817,-1.3503934500000003
TSO,3.0,"BEST, AARON",P012019,6,18.884,-0.8002415999999997
TSO,3.0,"BEST, AARON",P012019,7,27.668,7.850393
TSO,3.0,"BEST, AARON",P012019,8,35.135,-4.65133
TSO,0.0,"JANKOWSKI, BARTOSZ",P013292,2,6.7,-3.25005
TSO,0.0,"JANKOWSKI, BARTOSZ",P013292,3,2.4,-1.25
TSO,0.0,"JANKOWSKI, BARTOSZ",P013292,4,3.683,-0.8999737999999999
TSO,0.0,"JANKOWSKI, BARTOSZ",P013292,5,0.15,-0.19999500000000003
TSO,0.0,"JANKOWSKI, BARTOSZ",P013292,6,6.2,-0.25003999999999993
TSO,0.0,"JANKOWSKI, BARTOSZ",P013292,7,6.783,-0.6001069000000001
TSO,0.0,"JANKOWSKI, BARTOSZ",P013292,8,4.101,-2.0998238000000002
TSO,5.0,"MCGOWENS, ROBERT",P013293,1,32.467,6.8994015
TSO,5.0,"MCGOWENS, ROBERT",P013293,2,23.269,-4.300736
TSO,5.0,"MCGOWENS, ROBERT",P013293,3,10.301,-1.6005012500000007
TSO,5.0,"MCGOWENS, ROBERT",P013293,4,17.233,-3.3496709500000006
TSO,5.0,"MCGOWENS, ROBERT",P013293,5,12.067,-6.5001833
TSO,5.0,"MCGOWENS, ROBERT",P013293,6,9.884,-3.2502402
TSO,5.0,"MCGOWENS, ROBERT",P013293,7,20.534,1.2503868999999987
TSO,5.0,"MCGOWENS, ROBERT",P013293,8,17.167,1.6502690999999992
TSO,15.0,"ZYSKOWSKI, JAROSLAW",P013295,1,31.35,5.7505074999999986
TSO,15.0,"ZYSKOWSKI, JAROSLAW",P013295,2,24.635,2.0995022499999987
TSO,15.0,"ZYSKOWSKI, JAROSLAW",P013295,3,26.101,2.0496813499999997
TSO,15.0,"ZYSKOWSKI, JAROSLAW",P013295,4,31.633,22.848939
TSO,15.0,"ZYSKOWSKI, JAROSLAW",P013295,5,24.384,2.6496383999999997
TSO,15.0,"ZYSKOWSKI, JAROSLAW",P013295,6,28.051,3.59965415
TSO,15.0,"ZYSKOWSKI, JAROSLAW",P013295,7,26.833,-0.8495527999999997
TSO,15.0,"ZYSKOWSKI, JAROSLAW",P013295,8,23.301,-0.9489365999999997
TSO,32.0,"GROSELLE, GEOFFREY",P013296,1,28.901,13.001540299999998
TSO,32.0,"GROSELLE, GEOFFREY",P013296,2,10.784,1.3997408000000005
TSO,32.0,"GROSELLE, GEOFFREY",P013296,3,18.767,3.799845799999999
TSO,32.0,"GROSELLE, GEOFFREY",P013296,4,19.749,6.94987865
TSO,32.0,"GROSELLE, GEOFFREY",P013296,5,26.701,4.849200799999999
TSO,50.0,"WEATHERS, MARCUS",P013297,1,13.651,5.30038625
TSO,50.0,"WEATHERS, MARCUS",P013297,2,25.751,15.900650999999998
TSO,50.0,"WEATHERS, MARCUS",P013297,3,23.567,0.7510992499999993
TSO,50.0,"WEATHERS, MARCUS",P013297,4,17.316,4.3500022
TSO,50.0,"WEATHERS, MARCUS",P013297,5,30.468,9.550587800000002
TSO,50.0,"WEATHERS, MARCUS",P013297,6,29.435,4.250860249999999
TSO,50.0,"WEATHERS, MARCUS",P013297,7,17.701,-0.24949835000000053
TSO,50.0,"WEATHERS, MARCUS",P013297,8,19.284,8.3007844
TSO,55.0,"SCHENK, JAKUB",P013298,1,27.334,15.899631699999997
TSO,55.0,"SCHENK, JAKUB",P013298,2,25.469,5.84980755
TSO,55.0,"SCHENK, JAKUB",P013298,3,19.15,-0.5012249999999998
TSO,55.0,"SCHENK, JAKUB",P013298,4,23.616,-1.7011103999999984
TSO,55.0,"SCHENK, JAKUB",P013298,5,25.6,13.99864
TSO,55.0,"SCHENK, JAKUB",P013298,6,34.918,5.0506268
TSO,55.0,"SCHENK, JAKUB",P013298,7,18.717,4.2998087499999995
TSO,55.0,"SCHENK, JAKUB",P013298,8,26.402,1.9505786999999994
TTK,5.0,"AKPINAR, ISMET",P004056,1,13.618,3.8504388
TTK,5.0,"AKPINAR, ISMET",P004056,2,14.633,7.90010575
TTK,5.0,"AKPINAR, ISMET",P004056,3,12.449,10.00035575
TTK,5.0,"AKPINAR, ISMET",P004056,4,12.699,0.49945210000000007
TTK,5.0,"AKPINAR, ISMET",P004056,5,5.616,0.45005359999999994
TTK,5.0,"AKPINAR, ISMET",P004056,6,15.051,-5.949906850000001
TTK,5.0,"AKPINAR, ISMET",P004056,7,5.717,-3.09990245
TTK,5.0,"AKPINAR, ISMET",P004056,8,12.367,4.849337
TTK,33.0,"CHARALAMPOPOULOS, VASILIS",P004218,1,17.1,7.60074
TTK,33.0,"CHARALAMPOPOULOS, VASILIS",P004218,2,19.533,11.9994839
TTK,13.0,"AGVA, MAHIR",P004619,1,3.933,4.799949099999999
TTK,13.0,"AGVA, MAHIR",P004619,2,2.6,-0.69994
TTK,13.0,"AGVA, MAHIR",P004619,3,3.25,0.050000000000000044
TTK,13.0,"AGVA, MAHIR",P004619,4,10.6,-2.35048
TTK,13.0,"AGVA, MAHIR",P004619,5,5.583,-1.90013015
TTK,13.0,"AGVA, MAHIR",P004619,6,6.534,-0.5500882999999999
TTK,13.0,"AGVA, MAHIR",P004619,7,10.384,1.1496688000000002
TTK,13.0,"AGVA, MAHIR",P004619,8,9.868,-2.2996347999999998
TTK,21.0,"HANLAN, OLIVIER",P006598,1,23.0,-0.9002499999999998
TTK,21.0,"HANLAN, OLIVIER",P006598,2,29.3,3.5997850000000007
TTK,21.0,"HANLAN, OLIVIER",P006598,3,29.816,4.7003828
TTK,21.0,"HANLAN, OLIVIER",P006598,4,18.983,0.9996644999999997
TTK,21.0,"HANLAN, OLIVIER",P006598,5,13.684,-1.1992324
TTK,21.0,"HANLAN, OLIVIER",P006598,6,18.485,-0.7497342499999999
TTK,21.0,"HANLAN, OLIVIER",P006598,7,16.118,-1.7494379
TTK,21.0,"HANLAN, OLIVIER",P006598,8,6.183,-4.30001795
TTK,3.0,"DURMAZ, BERKAN",P007917,1,4.7,2.599975
TTK,3.0,"DURMAZ, BERKAN",P007917,2,6.883,0.20034305000000008
TTK,3.0,"DURMAZ, BERKAN",P007917,3,7.733,6.8998990000000004
TTK,3.0,"DURMAZ, BERKAN",P007917,4,19.317,1.9488968999999994
TTK,3.0,"DURMAZ, BERKAN",P007917,5,12.333,1.6498955
TTK,3.0,"DURMAZ, BERKAN",P007917,6,16.151,5.30031155
TTK,3.0,"DURMAZ, BERKAN",P007917,7,23.05,1.0510499999999996
TTK,3.0,"DURMAZ, BERKAN",P007917,8,7.467,1.54967975
TTK,8.0,"BROWN, ANTHONY",P009025,1,32.018,8.498762499999998
TTK,8.0,"BROWN, ANTHONY",P009025,2,34.666,7.547646199999999
TTK,8.0,"BROWN, ANTHONY",P009025,3,35.282,3.5991114
TTK,8.0,"BROWN, ANTHONY",P009025,4,38.2,10.250410000000002
TTK,8.0,"BROWN, ANTHONY",P009025,5,37.317,4.899923849999999
TTK,8.0,"BROWN, ANTHONY",P009025,6,27.237,11.850040949999999
TTK,8.0,"BROWN, ANTHONY",P009025,7,38.918,29.0489945
TTK,8.0,"BROWN, ANTHONY",P009025,8,36.299,7.35059865
TTK,11.0,"ANGOLA, BRAIAN",P010465,5,22.633,13.39937365
TTK,11.0,"ANGOLA, BRAIAN",P010465,6,29.202,17.251701500000003
TTK,11.0,"ANGOLA, BRAIAN",P010465,7,32.4,19.801139999999997
TTK,11.0,"ANGOLA, BRAIAN",P010465,8,33.416,7.252336799999998
TTK,44.0,"SMITH, KENNETH",P010587,8,21.849,3.2994635999999993
TTK,38.0,"TARLA, KAAN",P010811,3,0.667,-0.15004165000000005
TTK,38.0,"TARLA, KAAN",P010811,5,0.383,-0.9000039
TTK,55.0,"MAKOUNDOU, YOAN",P011935,1,25.634,-4.0493561
TTK,55.0,"MAKOUNDOU, YOAN",P011935,2,11.217,0.09969220000000023
TTK,55.0,"MAKOUNDOU, YOAN",P011935,3,31.516,10.6518048
TTK,55.0,"MAKOUNDOU, YOAN",P011935,4,11.816,0.14995879999999984
TTK,55.0,"MAKOUNDOU, YOAN",P011935,5,17.9,8.849250000000001
TTK,55.0,"MAKOUNDOU, YOAN",P011935,6,18.651,5.749974
TTK,55.0,"MAKOUNDOU, YOAN",P011935,7,31.567,13.748538699999997
TTK,55.0,"MAKOUNDOU, YOAN",P011935,8,23.982,3.801212799999999
TTK,7.0,"ALEXANDER, KYLE",P011973,1,27.885,13.049916750000001
TTK,7.0,"ALEXANDER, KYLE",P011973,2,33.283,18.35233735
TTK,7.0,"ALEXANDER, KYLE",P011973,3,34.349,19.05147005
TTK,7.0,"ALEXANDER, KYLE",P011973,4,30.817,11.750514249999998
TTK,7.0,"ALEXANDER, KYLE",P011973,5,31.117,1.9991387499999984
TTK,7.0,"ALEXANDER, KYLE",P011973,6,30.869,1.7990533500000003
TTK,7.0,"ALEXANDER, KYLE",P011973,8,21.598,1.9511114000000003
TTK,1.0,"HEIDEGGER, MAX",P012259,1,25.017,3.64955085
TTK,1.0,"HEIDEGGER, MAX",P012259,2,18.617,-5.000662149999999
TTK,1.0,"HEIDEGGER, MAX",P012259,3,8.7,-4.300065
TTK,1.0,"HEIDEGGER, MAX",P012259,4,14.25,-0.2999750000000001
TTK,1.0,"HEIDEGGER, MAX",P012259,5,13.966,-1.1503174999999994
TTK,9.0,"TUNCA, MELIH",P012415,1,10.1,-2.5499650000000003
TTK,9.0,"TUNCA, MELIH",P012415,2,1.617,-1.5999306
TTK,9.0,"TUNCA, MELIH",P012415,3,11.7,-1.4495200000000001
TTK,9.0,"TUNCA, MELIH",P012415,4,14.251,3.64962915
TTK,9.0,"TUNCA, MELIH",P012415,5,11.717,1.9501119999999998
TTK,9.0,"TUNCA, MELIH",P012415,6,14.818,-3.4493938999999996
TTK,9.0,"TUNCA, MELIH",P012415,7,15.45,4.8495550000000005
TTK,9.0,"TUNCA, MELIH",P012415,8,4.417,-2.4000044
TTK,20.0,"BESS, JAVON",P013300,1,17.0,4.00035
TTK,20.0,"BESS, JAVON",P013300,2,27.651,1.6996783499999992
TTK,20.0,"BESS, JAVON",P013300,3,24.533,5.35120185
TTK,20.0,"BESS, JAVON",P013300,4,29.067,10.0990182
TTK,20.0,"BESS, JAVON",P013300,5,27.751,0.3008399000000006
TTK,20.0,"BESS, JAVON",P013300,6,23.017,2.9015046500000006
TTK,20.0,"BESS, JAVON",P013300,7,26.401,4.5497756
TTK,20.0,"BESS, JAVON",P013300,8,22.549,-2.099998
ULM,35.0,"JALLOW, KARIM",P005422,6,23.551,0.8994418999999994
ULM,35.0,"JALLOW, KARIM",P005422,7,42.784,0.6990624000000007
ULM,35.0,"JALLOW, KARIM",P005422,8,29.649,2.8004696000000004
ULM,0.0,"WEIDEMANN, NELSON",P006245,1,14.716,-2.2503095999999996
ULM,0.0,"WEIDEMANN, NELSON",P006245,2,23.583,10.4002222
ULM,0.0,"WEIDEMANN, NELSON",P006245,3,27.285,8.0010315
ULM,0.0,"WEIDEMANN, NELSON",P006245,4,16.767,-1.6497678500000004
ULM,0.0,"WEIDEMANN, NELSON",P006245,5,25.65,-0.35029249999999923
ULM,0.0,"WEIDEMANN, NELSON",P006245,6,10.583,-0.14988970000000013
ULM,0.0,"WEIDEMANN, NELSON",P006245,7,21.15,4.849474999999998
ULM,0.0,"WEIDEMANN, NELSON",P006245,8,14.499,-1.7998138000000001
ULM,14.0,"HERKENHOFF, PHILIPP",P006997,1,24.717,12.30034795
ULM,14.0,"HERKENHOFF, PHILIPP",P006997,2,21.7,4.0498
ULM,14.0,"HERKENHOFF, PHILIPP",P006997,3,24.885,1.7000717499999993
ULM,14.0,"HERKENHOFF, PHILIPP",P006997,4,17.468,2.8507185999999995
ULM,14.0,"HERKENHOFF, PHILIPP",P006997,5,15.934,-3.5497616000000005
ULM,14.0,"HERKENHOFF, PHILIPP",P006997,6,8.3,-0.5002100000000005
ULM,14.0,"HERKENHOFF, PHILIPP",P006997,7,33.717,9.701779949999999
ULM,14.0,"HERKENHOFF, PHILIPP",P006997,8,19.483,9.9004648
ULM,13.0,"BRETZEL, NICOLAS",P007952,1,6.816,5.049942400000001
ULM,13.0,"BRETZEL, NICOLAS",P007952,2,10.767,-1.9497825000000006
ULM,13.0,"BRETZEL, NICOLAS",P007952,3,10.652,5.8503098
ULM,13.0,"BRETZEL, NICOLAS",P007952,4,10.733,-0.8493495000000002
ULM,13.0,"BRETZEL, NICOLAS",P007952,5,12.366,-1.4504051999999996
ULM,13.0,"BRETZEL, NICOLAS",P007952,6,6.6,-3.20004
ULM,13.0,"BRETZEL, NICOLAS",P007952,8,2.75,-1.35
ULM,22.0,"KLEPEISZ, THOMAS",P010582,4,21.283,-3.0501247999999994
ULM,7.0,"JENSEN, TOBIAS",P010726,1,8.266,2.2005662000000004
ULM,7.0,"JENSEN, TOBIAS",P010726,2,14.233,1.3001580999999995
ULM,7.0,"JENSEN, TOBIAS",P010726,3,15.501,3.15056375
ULM,7.0,"JENSEN, TOBIAS",P010726,4,17.917,1.5004628000000002
ULM,7.0,"JENSEN, TOBIAS",P010726,5,16.966,-8.8502812
ULM,7.0,"JENSEN, TOBIAS",P010726,6,7.266,-0.7495737000000002
ULM,7.0,"JENSEN, TOBIAS",P010726,7,7.583,1.2502259999999998
ULM,7.0,"JENSEN, TOBIAS",P010726,8,4.25,0.2500500000000001
ULM,12.0,"ESSENGUE, NOA",P011391,1,27.065,14.9494935
ULM,12.0,"ESSENGUE, NOA",P011391,2,18.3,6.049340000000001
ULM,12.0,"ESSENGUE, NOA",P011391,3,30.735,12.8003545
ULM,12.0,"ESSENGUE, NOA",P011391,4,24.716,9.699178199999999
ULM,12.0,"ESSENGUE, NOA",P011391,5,30.132,12.6012832
ULM,12.0,"ESSENGUE, NOA",P011391,6,15.5,2.6491000000000002
ULM,12.0,"ESSENGUE, NOA",P011391,7,19.149,17.249784400000003
ULM,12.0,"ESSENGUE, NOA",P011391,8,21.049,6.849982650000001
ULM,77.0,"SARAF, BEN",P011437,1,35.299,8.700706300000004
ULM,77.0,"SARAF, BEN",P011437,2,24.284,4.499401400000001
ULM,77.0,"SARAF, BEN",P011437,3,18.201,9.1505541
ULM,77.0,"SARAF, BEN",P011437,4,28.784,12.35064
ULM,77.0,"SARAF, BEN",P011437,6,29.418,14.349501800000002
ULM,77.0,"SARAF, BEN",P011437,8,27.05,-1.3986200000000002
ULM,9.0,"PLUMMER, ALFONSO",P012077,1,23.867,-1.30009555
ULM,9.0,"PLUMMER, ALFONSO",P012077,2,17.9,9.099565
ULM,9.0,"PLUMMER, ALFONSO",P012077,3,18.836,5.450485199999999
ULM,9.0,"PLUMMER, ALFONSO",P012077,5,29.499,2.0491699499999996
ULM,9.0,"PLUMMER, ALFONSO",P012077,6,27.834,9.799317499999999
ULM,9.0,"PLUMMER, ALFONSO",P012077,7,27.417,-2.4987703999999993
ULM,9.0,"PLUMMER, ALFONSO",P012077,8,15.616,8.950111999999999
ULM,5.0,"MUELLER, JORDAN",P012172,5,5.416,-1.6997652000000003
ULM,21.0,"ANIGBATA , ALEC",P012602,1,12.932,2.3994868
ULM,21.0,"ANIGBATA , ALEC",P012602,2,11.133,-0.7996448999999999
ULM,21.0,"ANIGBATA , ALEC",P012602,3,5.334,0.7998103999999999
ULM,21.0,"ANIGBATA , ALEC",P012602,4,10.133,1.1498728999999996
ULM,21.0,"ANIGBATA , ALEC",P012602,5,17.399,-2.29970575
ULM,3.0,"SANTOS, MARCIO",P013289,1,9.849,3.9995715
ULM,3.0,"SANTOS, MARCIO",P013289,2,5.8,1.39973
ULM,3.0,"SANTOS, MARCIO",P013289,4,19.417,2.5505429999999985
ULM,3.0,"SANTOS, MARCIO",P013289,5,21.183,-2.0497902999999997
ULM,3.0,"SANTOS, MARCIO",P013289,6,24.301,16.250562699999996
ULM,3.0,"SANTOS, MARCIO",P013289,7,8.033,-6.59977195
ULM,3.0,"SANTOS, MARCIO",P013289,8,11.95,4.4501925
ULM,10.0,"JESSUP, JUSTINIAN",P013290,1,39.917,9.84959035
ULM,10.0,"JESSUP, JUSTINIAN",P013290,2,28.867,5.349275349999999
ULM,10.0,"JESSUP, JUSTINIAN",P013290,3,36.636,18.801551
ULM,10.0,"JESSUP, JUSTINIAN",P013290,4,25.119,-10.500109
ULM,10.0,"JESSUP, JUSTINIAN",P013290,5,25.45,5.749355000000001
ULM,10.0,"JESSUP, JUSTINIAN",P013290,6,30.517,-2.5499468499999995
ULM,10.0,"JESSUP, JUSTINIAN",P013290,7,40.783,20.300085849999995
ULM,10.0,"JESSUP, JUSTINIAN",P013290,8,30.483,5.10084855
ULM,15.0,"ROBY , ISAIAH",P013291,1,21.551,0.5991849999999994
ULM,15.0,"ROBY , ISAIAH",P013291,2,23.433,7.6997276999999995
ULM,15.0,"ROBY , ISAIAH",P013291,3,11.95,0.39954000000000045
ULM,15.0,"ROBY , ISAIAH",P013291,4,7.668,-2.5500398000000004
ULM,15.0,"ROBY , ISAIAH",P013291,6,16.135,4.55027025
ULM,15.0,"ROBY , ISAIAH",P013291,7,24.384,1.6485984
ULM,15.0,"ROBY , ISAIAH",P013291,8,23.216,-1.4010104000000005
VNC,0.0,"TESSITORI,  AMEDEO",P003759,1,14.999,8.3495067
VNC,0.0,"TESSITORI,  AMEDEO",P003759,2,7.417,1.3496704
VNC,0.0,"TESSITORI,  AMEDEO",P003759,4,9.8,-8.450140000000001
VNC,0.0,"TESSITORI,  AMEDEO",P003759,5,22.001,6.099481799999999
VNC,0.0,"TESSITORI,  AMEDEO",P003759,6,16.433,4.649161599999999
VNC,0.0,"TESSITORI,  AMEDEO",P003759,7,22.083,-1.59951345
VNC,0.0,"TESSITORI,  AMEDEO",P003759,8,12.383,5.950223900000001
VNC,8.0,"FERNANDEZ, JUAN",P005177,3,23.049,-2.14944615
VNC,8.0,"FERNANDEZ, JUAN",P005177,4,19.233,-3.050377
VNC,8.0,"FERNANDEZ, JUAN",P005177,5,10.533,1.9501774000000003
VNC,8.0,"FERNANDEZ, JUAN",P005177,6,10.95,3.1502350000000003
VNC,8.0,"FERNANDEZ, JUAN",P005177,7,8.116,-2.7998368
VNC,8.0,"FERNANDEZ, JUAN",P005177,8,16.917,6.3992568
VNC,9.0,"MORETTI, DAVIDE",P005404,1,13.0,5.749650000000001
VNC,9.0,"MORETTI, DAVIDE",P005404,2,31.6,0.85086
VNC,9.0,"MORETTI, DAVIDE",P005404,3,32.866,3.7499894000000014
VNC,9.0,"MORETTI, DAVIDE",P005404,4,29.983,-13.50046635
VNC,9.0,"MORETTI, DAVIDE",P005404,5,24.934,1.6501025
VNC,9.0,"MORETTI, DAVIDE",P005404,6,22.25,8.2007625
VNC,9.0,"MORETTI, DAVIDE",P005404,7,23.2,-1.8989200000000004
VNC,9.0,"MORETTI, DAVIDE",P005404,8,10.849,-0.80016405
VNC,4.0,"LEVER, ALESSANDRO",P006571,1,4.55,1.500005
VNC,4.0,"LEVER, ALESSANDRO",P006571,2,1.05,-0.299985
VNC,4.0,"LEVER, ALESSANDRO",P006571,3,8.167,-1.2998272000000002
VNC,4.0,"LEVER, ALESSANDRO",P006571,4,11.517,0.10015405000000044
VNC,4.0,"LEVER, ALESSANDRO",P006571,7,12.133,-4.8992035000000005
VNC,5.0,"MUNFORD, XAVIER",P007759,1,29.049,10.35172875
VNC,33.0,"WILTJER, KYLE",P008052,2,20.217,1.6495006000000005
VNC,33.0,"WILTJER, KYLE",P008052,3,23.099,-5.15059635
VNC,33.0,"WILTJER, KYLE",P008052,4,27.616,19.1491648
VNC,33.0,"WILTJER, KYLE",P008052,5,14.067,1.5493390999999992
VNC,33.0,"WILTJER, KYLE",P008052,6,15.833,3.3502367500000005
VNC,33.0,"WILTJER, KYLE",P008052,7,25.75,11.3507875
VNC,33.0,"WILTJER, KYLE",P008052,8,18.299,12.449315150000002
VNC,11.0,"ENNIS, TYLER",P008858,1,28.617,13.95070845
VNC,11.0,"ENNIS, TYLER",P008858,2,31.983,12.5009522
VNC,7.0,"CASARIN, DAVIDE",P009400,1,9.832,-7.649504
VNC,7.0,"CASARIN, DAVIDE",P009400,2,18.534,0.6001396000000003
VNC,7.0,"CASARIN, DAVIDE",P009400,3,26.583,-10.65090695
VNC,7.0,"CASARIN, DAVIDE",P009400,5,21.818,1.3498260999999991
VNC,7.0,"CASARIN, DAVIDE",P009400,6,16.75,-3.7494624999999995
VNC,7.0,"CASARIN, DAVIDE",P009400,7,26.232,-6.7007364
VNC,7.0,"CASARIN, DAVIDE",P009400,8,16.766,-7.150350899999999
VNC,22.0,"PARKS, JORDAN",P011909,1,28.532,14.9982042
VNC,22.0,"PARKS, JORDAN",P011909,2,23.884,-1.8991902000000005
VNC,22.0,"PARKS, JORDAN",P011909,6,18.0,3.2508000000000004
VNC,22.0,"PARKS, JORDAN",P011909,7,24.366,6.101141799999999
VNC,22.0,"PARKS, JORDAN",P011909,8,22.033,-2.5510486500000003
VNC,25.0,"SIMMS, AAMIR",P011928,1,26.0,6.3506
VNC,25.0,"SIMMS, AAMIR",P011928,2,21.883,9.250021799999999
VNC,25.0,"SIMMS, AAMIR",P011928,3,24.066,7.599416499999999
VNC,25.0,"SIMMS, AAMIR",P011928,4,20.499,0.44966099999999987
VNC,25.0,"SIMMS, AAMIR",P011928,5,25.934,5.749500099999999
VNC,25.0,"SIMMS, AAMIR",P011928,6,24.167,0.8016621499999994
VNC,25.0,"SIMMS, AAMIR",P011928,8,22.25,0.49978750000000005
VNC,14.0,"JANELIDZE, GIGA",P012588,4,21.099,2.7011482000000004
VNC,14.0,"JANELIDZE, GIGA",P012588,7,5.783,1.7500366999999997
VNC,21.0,"TSHIMANGA KABENGELE, MFIONDU",P012796,1,25.0,10.45
VNC,21.0,"TSHIMANGA KABENGELE, MFIONDU",P012796,2,29.416,15.699647199999998
VNC,21.0,"TSHIMANGA KABENGELE, MFIONDU",P012796,3,27.549,24.550624150000004
VNC,21.0,"TSHIMANGA KABENGELE, MFIONDU",P012796,4,29.499,21.60081735
VNC,21.0,"TSHIMANGA KABENGELE, MFIONDU",P012796,5,18.0,6.600200000000001
VNC,21.0,"TSHIMANGA KABENGELE, MFIONDU",P012796,6,23.567,4.399890849999999
VNC,21.0,"TSHIMANGA KABENGELE, MFIONDU",P012796,8,27.616,17.0492208
VNC,2.0,"MC GRUDER, RODNEY",P012800,5,31.017,21.2990307
VNC,2.0,"MC GRUDER, RODNEY",P012800,6,26.534,-1.1011612000000008
VNC,2.0,"MC GRUDER, RODNEY",P012800,7,25.516,-2.0993324
VNC,2.0,"MC GRUDER, RODNEY",P012800,8,34.15,10.4492175
VNC,24.0,"WHEATLE, CARL",P013305,1,20.416,12.650252799999999
VNC,24.0,"WHEATLE, CARL",P013305,2,14.016,-3.5492672
VNC,24.0,"WHEATLE, CARL",P013305,3,34.616,-3.5491220000000006
VNC,24.0,"WHEATLE, CARL",P013305,4,30.749,11.398083399999997
VNC,24.0,"WHEATLE, CARL",P013305,5,31.701,13.1980695
VNC,24.0,"WHEATLE, CARL",P013305,6,25.516,6.300049800000002
VNC,24.0,"WHEATLE, CARL",P013305,7,26.816,4.1508352
VNC,24.0,"WHEATLE, CARL",P013305,8,18.732,1.4508636
WOL,8.0,"KARINIAUSKAS, VAIDAS",P003212,1,3.266,2.0499574999999997
WOL,8.0,"KARINIAUSKAS, VAIDAS",P003212,2,5.783,-1.1501010000000003
WOL,8.0,"KARINIAUSKAS, VAIDAS",P003212,4,3.333,-0.5999599999999999
WOL,8.0,"KARINIAUSKAS, VAIDAS",P003212,5,7.001,2.9496571000000005
WOL,8.0,"KARINIAUSKAS, VAIDAS",P003212,6,10.05,-5.65021
WOL,8.0,"KARINIAUSKAS, VAIDAS",P003212,7,8.049,-0.04984290000000002
WOL,8.0,"KARINIAUSKAS, VAIDAS",P003212,8,4.717,0.7499965999999998
WOL,10.0,"MINIOTAS, REGIMANTAS",P004645,1,15.934,2.3997289999999993
WOL,10.0,"MINIOTAS, REGIMANTAS",P004645,2,23.567,-1.0499494
WOL,10.0,"MINIOTAS, REGIMANTAS",P004645,3,18.834,2.4005956
WOL,10.0,"MINIOTAS, REGIMANTAS",P004645,4,23.051,1.7508424999999996
WOL,10.0,"MINIOTAS, REGIMANTAS",P004645,5,14.583,0.29910594999999995
WOL,10.0,"MINIOTAS, REGIMANTAS",P004645,6,15.833,-1.1005748999999998
WOL,10.0,"MINIOTAS, REGIMANTAS",P004645,7,17.467,7.9500171
WOL,10.0,"MINIOTAS, REGIMANTAS",P004645,8,13.267,2.2493365499999993
WOL,13.0,"ZEMAITIS, KRISTUPAS",P005516,1,17.818,3.2002865
WOL,13.0,"ZEMAITIS, KRISTUPAS",P005516,2,14.317,2.0994182500000003
WOL,13.0,"ZEMAITIS, KRISTUPAS",P005516,3,31.833,10.649524699999997
WOL,13.0,"ZEMAITIS, KRISTUPAS",P005516,4,24.716,6.201373799999999
WOL,13.0,"ZEMAITIS, KRISTUPAS",P005516,5,21.401,2.199877849999999
WOL,13.0,"ZEMAITIS, KRISTUPAS",P005516,6,25.333,3.098627649999999
WOL,13.0,"ZEMAITIS, KRISTUPAS",P005516,7,23.667,8.150166200000001
WOL,13.0,"ZEMAITIS, KRISTUPAS",P005516,8,25.951,-2.401337899999999
WOL,44.0,"TAYLOR, JEFFERY",P006546,1,26.785,3.8009834999999983
WOL,44.0,"TAYLOR, JEFFERY",P006546,3,28.3,0.001674999999999649
WOL,44.0,"TAYLOR, JEFFERY",P006546,4,19.117,1.5501124500000003
WOL,44.0,"TAYLOR, JEFFERY",P006546,5,20.9,4.749070000000001
WOL,44.0,"TAYLOR, JEFFERY",P006546,7,14.817,-3.5501475
WOL,44.0,"TAYLOR, JEFFERY",P006546,8,17.101,7.5496323499999995
WOL,23.0,"JOGELA, MATAS",P006853,1,9.6,-0.6499200000000002
WOL,23.0,"JOGELA, MATAS",P006853,2,20.783,3.799998649999999
WOL,23.0,"JOGELA, MATAS",P006853,4,18.2,5.650870000000001
WOL,23.0,"JOGELA, MATAS",P006853,5,27.9,4.500160000000001
WOL,23.0,"JOGELA, MATAS",P006853,6,25.566,15.949968899999998
WOL,23.0,"JOGELA, MATAS",P006853,7,18.9,2.4509
WOL,23.0,"JOGELA, MATAS",P006853,8,26.266,15.800779000000002
WOL,22.0,"BLAZEVIC, MAREK",P008186,1,17.001,5.149099949999999
WOL,22.0,"BLAZEVIC, MAREK",P008186,2,13.884,5.8997986000000004
WOL,22.0,"BLAZEVIC, MAREK",P008186,3,14.199,2.0502714
WOL,22.0,"BLAZEVIC, MAREK",P008186,4,13.0,0.2499
WOL,22.0,"BLAZEVIC, MAREK",P008186,5,18.633,-1.1496212999999997
WOL,22.0,"BLAZEVIC, MAREK",P008186,6,21.133,18.7506306
WOL,22.0,"BLAZEVIC, MAREK",P008186,7,23.316,1.6001341999999994
WOL,22.0,"BLAZEVIC, MAREK",P008186,8,21.817,8.45013
WOL,9.0,"BASLYK, DANIEL",P009306,2,10.584,5.1498604
WOL,9.0,"BASLYK, DANIEL",P009306,3,3.466,-1.2999646
WOL,12.0,"ANDREWS, ANDREW",P011248,1,30.235,2.6512564999999997
WOL,12.0,"ANDREWS, ANDREW",P011248,2,26.435,5.650722749999997
WOL,12.0,"ANDREWS, ANDREW",P011248,3,27.766,3.7004137000000012
WOL,12.0,"ANDREWS, ANDREW",P011248,4,23.15,12.249425000000002
WOL,12.0,"ANDREWS, ANDREW",P011248,5,22.435,8.799755500000002
WOL,12.0,"ANDREWS, ANDREW",P011248,6,27.316,8.949930600000002
WOL,12.0,"ANDREWS, ANDREW",P011248,7,28.499,8.8019359
WOL,12.0,"ANDREWS, ANDREW",P011248,8,27.101,0.44882449999999885
WOL,1.0,"COWAN JR, ANTHONY",P012003,1,32.536,12.000849600000002
WOL,1.0,"COWAN JR, ANTHONY",P012003,2,32.368,-1.9009399999999994
WOL,1.0,"COWAN JR, ANTHONY",P012003,3,25.332,10.700568400000002
WOL,1.0,"COWAN JR, ANTHONY",P012003,4,31.484,21.2488088
WOL,1.0,"COWAN JR, ANTHONY",P012003,5,38.0,7.247999999999999
WOL,1.0,"COWAN JR, ANTHONY",P012003,6,30.616,4.9488015999999995
WOL,1.0,"COWAN JR, ANTHONY",P012003,7,26.382,4.8996189999999995
WOL,1.0,"COWAN JR, ANTHONY",P012003,8,27.684,5.001282599999998
WOL,15.0,"THURMAN, TRE'SHAWN",P012577,1,26.751,-2.8510501500000007
WOL,15.0,"THURMAN, TRE'SHAWN",P012577,2,25.484,15.999101
WOL,15.0,"THURMAN, TRE'SHAWN",P012577,3,25.748,-0.9000234000000003
WOL,15.0,"THURMAN, TRE'SHAWN",P012577,4,24.716,6.398702599999999
WOL,15.0,"THURMAN, TRE'SHAWN",P012577,5,28.051,14.3491258
WOL,15.0,"THURMAN, TRE'SHAWN",P012577,6,25.849,12.84910925
WOL,15.0,"THURMAN, TRE'SHAWN",P012577,7,22.215,2.899474249999999
WOL,15.0,"THURMAN, TRE'SHAWN",P012577,8,18.117,11.050581600000001
WOL,4.0,"BROOKS, GARRISON",P012789,1,20.084,7.6488204
WOL,4.0,"BROOKS, GARRISON",P012789,2,26.8,2.801259999999999
WOL,4.0,"BROOKS, GARRISON",P012789,3,24.517,2.4009044
WOL,4.0,"BROOKS, GARRISON",P012789,4,19.233,6.949860800000001
WOL,4.0,"BROOKS, GARRISON",P012789,5,26.101,12.6498472
WOL,4.0,"BROOKS, GARRISON",P012789,6,18.299,-3.4003915000000005
WOL,4.0,"BROOKS, GARRISON",P012789,7,16.683,3.8002473
WOL,4.0,"BROOKS, GARRISON",P012789,8,17.984,3.2501344000000008
